id,timestamp,market,sinal,entry_price,stop_loss,alvo1,alvo2,quantidade,risco_usd,rr_planejado,score_ponderado,qualidade_setup,mentor_veredicto,status,exit_price,exit_timestamp,pnl_usd,pnl_pct,resultado,motivo_saida,erros_execucao,notas,ordem_id,alpha_vs_btc
2026-05-13 05:08:55,COSUSDT,0,NONE,G1|G2,G4,2,1268,BULLISH,35,48,0,0,00167991,5211777,91407142,0,,,bloqueado G4,20260513_0508,
2026-05-13 05:08:55,ATAUSDT,0,NONE,G1|G2,G4,2,5995,BEARISH,-22,53,0,0,008347,473436,76977958,0,,,bloqueado G4,20260513_0508,
2026-05-13 05:08:56,POLSUSDT,0,NONE,G1|G2,G4,3,3239,BULLISH,72,43,0,0,133803,248500,39612826,0,,,bloqueado G4,20260513_0508,
2026-05-13 06:13:23,COSUSDT,0,NONE,G1|G2,G4,2,629,BULLISH,43,33,0,0,00177732,6442397,61857234,0,,,bloqueado G4,20260513_0613,
2026-05-13 06:13:23,ATAUSDT,0,NONE,G1|G2,G4,3,1854,BEARISH,-31,36,0,0,007396,580143,17324405,0,,,bloqueado G4,20260513_0613,
2026-05-13 06:13:23,POLSUSDT,0,NONE,G1|G2,G4,3,712,BULLISH,58,31,0,0,122851,277518,30528437,0,,,bloqueado G4,20260513_0613,
2026-05-13 06:13:24,MLNUSDT,0,NONE,G1|G2,G4,2,6468,BEARISH,-25,01,0,2,2908,2726,44856065,0,,,bloqueado G4,20260513_0613,
2026-05-13 07:18:09,COSUSDT,0,NONE,G1|G2,G4,3,0139,BULLISH,39,44,0,0,00172905,7385492,79314307,0,,,bloqueado G4,20260513_0718,
2026-05-13 07:18:10,ATAUSDT,0,NONE,G1|G2,G4,5,0146,BEARISH,-36,92,0,0,006797,913281,44194366,0,,,bloqueado G4,20260513_0718,
2026-05-13 07:18:10,POLSUSDT,0,NONE,G1|G2,G4,4,0443,BULLISH,70,68,0,0,132444,302364,32333088,0,,,bloqueado G4,20260513_0718,
2026-05-13 07:18:10,MLNUSDT,0,NONE,G1|G2,G4,3,3672,BEARISH,-29,12,0,2,1653,3468,44281052,0,,,bloqueado G4,20260513_0718,
2026-05-13 07:18:10,FARMUSDT,0,NONE,G1,G1B,9,0763,BEARISH,-24,21,11822,22,9,4023,1640,2572055,0,,,BLOQUEADO -- G1B: spike de distribuicao (chg=-24.21% com spike 9.0763x),20260513_0718,
2026-05-13 08:22:26,COSUSDT,0,NONE,G1|G2,G4,3,2364,BULLISH,23,43,0,0,00153052,7930853,05468614,0,,,bloqueado G4,20260513_0822,
2026-05-13 08:22:26,ATAUSDT,0,NONE,G1|G2,G4,8,3386,BEARISH,-33,8,0,0,007133,1518672,36132178,0,,,bloqueado G4,20260513_0822,
2026-05-13 08:22:26,POLSUSDT,0,NONE,G1|G2,G4,4,2042,BULLISH,64,67,0,0,127782,314314,09507696,0,,,bloqueado G4,20260513_0822,
2026-05-13 08:22:27,MLNUSDT,0,NONE,G1|G2,G4,4,704,BEARISH,-27,17,0,2,225,4845,50559153,0,,,bloqueado G4,20260513_0822,
2026-05-13 08:22:27,IRYSUSDT,0,NONE,G1|G2,G4,2,1301,NEUTRAL,-3,37,0,0,05101,596048,12250577,0,,,bloqueado G4,20260513_0822,
2026-05-13 08:22:27,FARMUSDT,0,NONE,G1,G1B,9,2106,BEARISH,-23,62,11822,22,9,4251,1664,52865675,0,,,BLOQUEADO -- G1B: spike de distribuicao (chg=-23.62% com spike 9.2106x),20260513_0822,
2026-05-13 08:57:13,FIOUSDT,0,NONE,G1|G2,G4,2,0506,BULLISH,8,54,0,0,000788,8261935,47004039,0,,,bloqueado G4,20260513_0857,
2026-05-13 08:57:13,COSUSDT,0,NONE,G1|G2,G4,3,395,BULLISH,25,0,0,00156274,8319304,07669665,0,,,bloqueado G4,20260513_0857,
2026-05-13 08:57:13,SYSUSDT,0,NONE,G1|G2,G4,2,4023,BEARISH,-34,42,0,0,006694,894841,76383871,0,,,bloqueado G4,20260513_0857,
2026-05-13 08:57:14,ATAUSDT,0,NONE,G1|G2,G4,11,0459,BEARISH,-33,68,0,0,007146,2011732,45476417,0,,,bloqueado G4,20260513_0857,
2026-05-13 08:57:14,POLSUSDT,0,NONE,G1|G2,G4,4,2629,BULLISH,59,27,0,0,123597,318700,59887393,0,,,bloqueado G4,20260513_0857,
2026-05-13 08:57:14,MLNUSDT,0,NONE,G1|G2,G4,5,2645,BEARISH,-25,89,0,2,264,5422,8455807,0,,,bloqueado G4,20260513_0857,
2026-05-13 08:57:15,IRYSUSDT,0,NONE,G1|G2,G4,2,1646,NEUTRAL,-5,27,0,0,050007,605682,52069553,0,,,bloqueado G4,20260513_0857,
2026-05-13 08:57:15,INJUSDT,95,DISCOVERY,G1|G2|G3|G4|G5|G6,,2,1139,BULLISH,22,77,0,5,8805,204560,25160071,1,44,0,5,2,DISCOVERY score=95 gates=G1;G2;G3;G4;G5;G6,20260513_0857,
2026-05-13 08:57:15,FARMUSDT,0,NONE,G1,G1B,9,3309,BEARISH,-23,02,11822,22,9,4996,1686,26048846,0,,,BLOQUEADO -- G1B: spike de distribuicao (chg=-23.02% com spike 9.3309x),20260513_0857,
2026-05-13 09:36:43,FIOUSDT,0,NONE,G1|G2,G4,2,0935,BULLISH,10,88,0,0,000807,8435036,7389066,0,,,bloqueado G4,20260513_0936,
2026-05-13 09:36:44,COSUSDT,0,NONE,G1|G2,G4,3,5256,BULLISH,23,02,0,0,00153714,8639311,91940122,0,,,bloqueado G4,20260513_0936,
2026-05-13 09:36:44,SYSUSDT,0,NONE,G1|G2,G4,2,6103,BEARISH,-34,18,0,0,006712,972340,03741101,0,,,bloqueado G4,20260513_0936,
2026-05-13 09:36:44,ATAUSDT,0,NONE,G1|G2,G4,11,2818,BEARISH,-34,09,0,0,007102,2054686,81543937,0,,,bloqueado G4,20260513_0936,
2026-05-13 09:36:45,TRIAUSDT,0,NONE,G1|G2,G4,2,0059,BULLISH,7,79,0,0,045107,427233,11632545,0,,,bloqueado G4,20260513_0936,
2026-05-13 09:36:45,POLSUSDT,0,NONE,G1|G2,G4,4,3261,BULLISH,50,03,0,0,116427,323427,29839883,0,,,bloqueado G4,20260513_0936,
2026-05-13 09:36:45,MLNUSDT,0,NONE,G1|G2,G4,5,541,BEARISH,-26,24,0,2,2534,5707,66623344,0,,,bloqueado G4,20260513_0936,
2026-05-13 09:36:45,IRYSUSDT,0,NONE,G1|G2,G4,2,1964,NEUTRAL,-0,36,0,0,052599,614591,65810302,0,,,bloqueado G4,20260513_0936,
2026-05-13 09:36:46,INJUSDT,85,DISCOVERY,G1|G2|G3|G4|G6,,2,2997,BULLISH,21,61,0,5,8254,222544,82828691,1,44,0,5,2,DISCOVERY score=85 gates=G1;G2;G3;G4;G6,20260513_0936,
2026-05-13 09:36:46,FARMUSDT,0,NONE,G1,G1B,9,5958,BEARISH,-19,98,11822,22,9,8497,1734,1393366,0,,,BLOQUEADO -- G1B: spike de distribuicao (chg=-19.98% com spike 9.5958x),20260513_0936,
2026-05-13 10:16:29,FIOUSDT,0,NONE,G1|G2,G4,2,121,BULLISH,11,98,0,0,000813,8545833,51027359,0,,,bloqueado G4,20260513_1016,
2026-05-13 10:16:29,TURBOUSDT,0,NONE,G1|G2,G4,2,0237,NEUTRAL,4,69,0,0,00135369,29234808,777069,0,,,bloqueado G4,20260513_1016,
2026-05-13 10:16:30,COSUSDT,0,NONE,G1|G2,G4,3,8687,BULLISH,39,9,0,0,00173481,9480119,58437046,0,,,bloqueado G4,20260513_1016,
2026-05-13 10:16:30,SYSUSDT,0,NONE,G1|G2,G4,2,6768,BEARISH,-34,85,0,0,00665,997087,2848568,0,,,bloqueado G4,20260513_1016,
2026-05-13 10:16:30,ATAUSDT,0,NONE,G1|G2,G4,12,2288,BEARISH,-35,67,0,0,006932,2227166,52584875,0,,,bloqueado G4,20260513_1016,
2026-05-13 10:16:31,POLSUSDT,0,NONE,G1|G2,G4,4,4054,BULLISH,44,47,0,0,112111,329355,88229351,0,,,bloqueado G4,20260513_1016,
2026-05-13 10:16:31,MLNUSDT,0,NONE,G1|G2,G4,5,8149,BEARISH,-27,47,0,2,2159,5989,78813356,0,,,bloqueado G4,20260513_1016,
2026-05-13 10:16:31,IRYSUSDT,0,NONE,G1|G2,G4,2,2085,NEUTRAL,-0,8,0,0,052365,617993,97167553,0,,,bloqueado G4,20260513_1016,
2026-05-13 10:16:31,INJUSDT,95,DISCOVERY,G1|G2|G3|G4|G5|G6,,2,5863,BULLISH,22,97,0,5,8844,250276,65457941,1,44,0,5,2,DISCOVERY score=95 gates=G1;G2;G3;G4;G5;G6,20260513_1016,
2026-05-13 10:16:32,FARMUSDT,0,NONE,G1,G1B,9,6764,BEARISH,-24,41,11822,22,9,3276,1748,69622759,0,,,BLOQUEADO -- G1B: spike de distribuicao (chg=-24.41% com spike 9.6764x),20260513_1016,
2026-05-14 18:31:04,COMMONUSDT,0,NONE,G1|G2,G4,2,6056,NEUTRAL,-8,84,0,0,000268,28913435,5885516,0,,,bloqueado G4,20260514_1831,
2026-05-14 18:31:04,HAJIMIUSDT,0,NONE,G1|G2,G4,2,3294,BULLISH,43,46,0,0,01643,479765,48425895,0,,,bloqueado G4,20260514_1831,
2026-05-14 18:31:05,DEGENUSDT,0,NONE,G1|G2,G4,2,0217,BULLISH,61,5,0,0,00117519,43270381,1109143,0,,,bloqueado G4,20260514_1831,
2026-05-14 18:31:05,SYSUSDT,0,NONE,G1|G2,G4,2,3061,NEUTRAL,-5,84,0,0,006171,1817947,14170973,0,,,bloqueado G4,20260514_1831,
2026-05-14 18:31:05,SWARMSUSDT,0,NONE,G1|G2,G4,2,5637,BEARISH,-17,86,0,0,013885,1405492,70747731,0,,,bloqueado G4,20260514_1831,
2026-05-14 18:31:05,NATUSDT,0,NONE,G1|G2,G4,2,8887,NEUTRAL,3,8,0,1,30684E-07,97108750761,23,0,,,bloqueado G4,20260514_1831,
2026-05-14 18:31:06,IMXUSDT,0,NONE,G1|G2,G4,5,7931,BULLISH,10,97,0,0,2034,799442,27908418,0,,,bloqueado G4,20260514_1831,
2026-05-14 18:31:06,DODOUSDT,0,NONE,G1|G2,G4,2,3142,BULLISH,12,17,0,0,020345,280547,0242188,0,,,bloqueado G4,20260514_1831,
2026-05-14 18:31:06,SIRENUSDT,0,NONE,G1|G2,G4,9,2044,BEARISH,-49,49,0,0,578916,443523,12049728,0,,,bloqueado G4,20260514_1831,
2026-05-14 18:31:07,HIGHERUSDT,0,NONE,G1|G2,G4,3,8191,BULLISH,72,32,0,0,00039626,36113132,0679443,0,,,bloqueado G4,20260514_1831,
2026-05-14 18:31:07,MLNUSDT,0,NONE,G1|G2,G4,4,2693,BULLISH,36,91,0,2,9955,16101,13982946,0,,,bloqueado G4,20260514_1831,
2026-05-14 18:31:08,XNAUSDT,0,NONE,G1|G2,G4,2,2034,BEARISH,-13,07,0,4,674E-05,171508697,588714,0,,,bloqueado G4,20260514_1831,
2026-05-14 18:31:08,DONKEYUSDT,0,NONE,G1|G2,G4,10,1174,BEARISH,-53,2,0,0,000454,41319423,8396453,0,,,bloqueado G4,20260514_1831,
2026-05-14 18:31:08,SWTCHUSDT,0,NONE,G1|G2,G4,2,7864,BEARISH,-27,61,0,0,002139,3396704,02655866,0,,,bloqueado G4,20260514_1831,
2026-05-14 18:31:09,AIUSDT,85,DISCOVERY,G1|G2|G3|G4|G6,,2,8469,BULLISH,15,86,80955,0,028302,458193,22713187,2,24,0,5,2,DISCOVERY score=85 gates=G1;G2;G3;G4;G6,20260514_1831,
2026-05-14 18:31:09,HYPEUSDT,85,DISCOVERY,G1|G2|G3|G4|G6,,4,4634,BULLISH,13,27,0,44,04,38833,22037022,2,24,0,5,2,DISCOVERY score=85 gates=G1;G2;G3;G4;G6,20260514_1831,
2026-05-14 19:08:39,COMMONUSDT,0,NONE,G1|G2,G4,2,6458,BEARISH,-10,54,0,0,000263,29359541,8985279,0,,,bloqueado G4,20260514_1908,
2026-05-14 19:08:39,HAJIMIUSDT,0,NONE,G1|G2,G4,2,3585,BULLISH,43,46,0,0,01643,485757,87645331,0,,,bloqueado G4,20260514_1908,
2026-05-14 19:08:40,DEGENUSDT,0,NONE,G1|G2,G4,2,0448,BULLISH,49,8,0,0,00109557,43766052,5430155,0,,,bloqueado G4,20260514_1908,
2026-05-14 19:08:40,SYSUSDT,0,NONE,G1|G2,G4,2,3293,NEUTRAL,-4,68,0,0,006253,1836233,85281863,0,,,bloqueado G4,20260514_1908,
2026-05-14 19:08:40,SWARMSUSDT,0,NONE,G1|G2,G4,2,5819,BEARISH,-17,55,0,0,013937,1415443,75668719,0,,,bloqueado G4,20260514_1908,
2026-05-14 19:08:41,NATUSDT,0,NONE,G1|G2,G4,2,9073,NEUTRAL,3,8,0,1,30684E-07,97735970107,59,0,,,bloqueado G4,20260514_1908,
2026-05-14 19:08:41,IMXUSDT,0,NONE,G1|G2,G4,5,8025,BULLISH,12,28,0,0,2057,800735,62908418,0,,,bloqueado G4,20260514_1908,
2026-05-14 19:08:41,DODOUSDT,0,NONE,G1|G2,G4,2,4488,BULLISH,10,79,0,0,020186,296864,00411981,0,,,bloqueado G4,20260514_1908,
2026-05-14 19:08:41,HIGHERUSDT,0,NONE,G1|G2,G4,3,8579,BULLISH,70,35,0,0,00039171,36480412,2101159,0,,,bloqueado G4,20260514_1908,
2026-05-14 19:08:42,MLNUSDT,0,NONE,G1|G2,G4,4,2817,BULLISH,36,62,0,2,9893,16147,81196748,0,,,bloqueado G4,20260514_1908,
2026-05-14 19:08:42,XNAUSDT,0,NONE,G1|G2,G4,2,2186,BEARISH,-13,06,0,4,675E-05,172691080,595963,0,,,bloqueado G4,20260514_1908,
2026-05-14 19:08:42,DONKEYUSDT,0,NONE,G1|G2,G4,10,3308,BEARISH,-52,06,0,0,000465,42190759,0371846,0,,,bloqueado G4,20260514_1908,
2026-05-14 19:08:42,SWTCHUSDT,0,NONE,G1|G2,G4,2,8154,BEARISH,-25,99,0,0,002187,3432096,54403385,0,,,bloqueado G4,20260514_1908,
2026-05-14 19:08:43,AIUSDT,85,DISCOVERY,G1|G2|G3|G4|G6,,2,8915,BULLISH,15,93,80873,0,02835,465370,64877787,2,24,0,5,2,DISCOVERY score=85 gates=G1;G2;G3;G4;G6,20260514_1908,
2026-05-14 19:08:43,SIRENUSDT,0,NONE,G1,G1B,9,3218,BEARISH,-51,02,95902,0,555,449179,36746441,0,,,BLOQUEADO -- G1B: spike de distribuicao (chg=-51.02% com spike 9.3218x),20260514_1908,
2026-05-14 19:08:43,HYPEUSDT,85,DISCOVERY,G1|G2|G3|G4|G6,,4,4934,BULLISH,13,32,0,44,06,39094,12182669,2,24,0,5,2,DISCOVERY score=85 gates=G1;G2;G3;G4;G6,20260514_1908,
2026-05-14 19:50:40,COMMONUSDT,0,NONE,G1|G2,G4,2,6793,BEARISH,-10,2,0,0,000264,29730316,399979,0,,,bloqueado G4,20260514_1950,
2026-05-14 19:50:41,LEMONUSDT,0,NONE,G1|G2,G4,2,0204,NEUTRAL,-4,32,0,8,541E-05,137619943,999846,0,,,bloqueado G4,20260514_1950,
2026-05-14 19:50:41,HAJIMIUSDT,0,NONE,G1|G2,G4,2,4411,BULLISH,52,51,0,0,017467,502770,45779412,0,,,bloqueado G4,20260514_1950,
2026-05-14 19:50:41,DEGENUSDT,0,NONE,G1|G2,G4,2,0903,BULLISH,46,1,0,0,00106178,44739457,1616937,0,,,bloqueado G4,20260514_1950,
2026-05-14 19:50:41,SYSUSDT,0,NONE,G1|G2,G4,2,3464,NEUTRAL,-6,14,0,0,006157,1849764,3383175,0,,,bloqueado G4,20260514_1950,
2026-05-14 19:50:42,SWARMSUSDT,0,NONE,G1|G2,G4,2,6186,BEARISH,-18,06,0,0,01385,1435601,21954711,0,,,bloqueado G4,20260514_1950,
2026-05-14 19:50:42,NATUSDT,0,NONE,G1|G2,G4,2,9288,NEUTRAL,3,8,0,1,30684E-07,98457653303,34,0,,,bloqueado G4,20260514_1950,
2026-05-14 19:50:42,IMXUSDT,0,NONE,G1|G2,G4,5,8167,BULLISH,11,46,0,0,2042,802697,25345377,0,,,bloqueado G4,20260514_1950,
2026-05-14 19:50:43,DODOUSDT,0,NONE,G1|G2,G4,2,4806,BULLISH,10,52,0,0,020137,300716,99264734,0,,,bloqueado G4,20260514_1950,
2026-05-14 19:50:43,SIRENUSDT,0,NONE,G1|G2,G4,9,3991,BEARISH,-50,91,0,0,56272,452907,4051105,0,,,bloqueado G4,20260514_1950,
2026-05-14 19:50:43,HIGHERUSDT,0,NONE,G1|G2,G4,3,8966,BULLISH,71,21,0,0,00039369,36845474,8593727,0,,,bloqueado G4,20260514_1950,
2026-05-14 19:50:43,MLNUSDT,0,NONE,G1|G2,G4,4,3099,BULLISH,32,96,0,2,9091,16254,24548262,0,,,bloqueado G4,20260514_1950,
2026-05-14 19:50:44,XNAUSDT,0,NONE,G1|G2,G4,2,2428,BEARISH,-12,93,0,4,682E-05,174576386,997004,0,,,bloqueado G4,20260514_1950,
2026-05-14 19:50:44,DONKEYUSDT,0,NONE,G1|G2,G4,10,3679,BEARISH,-52,68,0,0,000459,42342507,4732973,0,,,bloqueado G4,20260514_1950,
2026-05-14 19:50:44,SWTCHUSDT,0,NONE,G1|G2,G4,2,8501,BEARISH,-23,01,0,0,002275,3474415,38310079,0,,,bloqueado G4,20260514_1950,
2026-05-14 19:50:45,AIUSDT,95,DISCOVERY,G1|G2|G3|G4|G5|G6,,3,0076,BULLISH,28,71,80975,0,031475,484056,20177784,2,24,0,5,2,DISCOVERY score=95 gates=G1;G2;G3;G4;G5;G6,20260514_1950,
2026-05-14 19:50:45,HYPEUSDT,85,DISCOVERY,G1|G2|G3|G4|G6,,4,5325,BULLISH,13,84,0,44,24,39434,28582371,2,24,0,5,2,DISCOVERY score=85 gates=G1;G2;G3;G4;G6,20260514_1950,
2026-05-14 20:32:45,COMMONUSDT,0,NONE,G1|G2,G4,2,7043,BEARISH,-10,2,0,0,000264,30008673,1127159,0,,,bloqueado G4,20260514_2032,
2026-05-14 20:32:46,LEMONUSDT,0,NONE,G1|G2,G4,2,0723,NEUTRAL,-4,03,0,8,56E-05,141157873,483634,0,,,bloqueado G4,20260514_2032,
2026-05-14 20:32:46,HAJIMIUSDT,0,NONE,G1|G2,G4,2,4826,BULLISH,55,83,0,0,017847,511324,96784128,0,,,bloqueado G4,20260514_2032,
2026-05-14 20:32:47,DEGENUSDT,0,NONE,G1|G2,G4,2,1804,BULLISH,44,42,0,0,00105091,46667228,3818622,0,,,bloqueado G4,20260514_2032,
2026-05-14 20:32:47,SYSUSDT,0,NONE,G1|G2,G4,2,3925,BEARISH,-11,33,0,0,005817,1886047,429515,0,,,bloqueado G4,20260514_2032,
2026-05-14 20:32:48,SWARMSUSDT,0,NONE,G1|G2,G4,2,6296,BEARISH,-18,61,0,0,013758,1441587,07944129,0,,,bloqueado G4,20260514_2032,
2026-05-14 20:32:48,NATUSDT,0,NONE,G1|G2,G4,2,9468,NEUTRAL,3,79,0,1,30668E-07,99062292649,89,0,,,bloqueado G4,20260514_2032,
2026-05-14 20:32:48,IMXUSDT,0,NONE,G1|G2,G4,5,8272,BULLISH,10,92,0,0,203,804141,30345377,0,,,bloqueado G4,20260514_2032,
2026-05-14 20:32:48,DODOUSDT,0,NONE,G1|G2,G4,2,5078,BULLISH,10,56,0,0,020144,304019,97866539,0,,,bloqueado G4,20260514_2032,
2026-05-14 20:32:49,SIRENUSDT,0,NONE,G1|G2,G4,9,4463,BEARISH,-51,6,0,0,554771,455182,34677983,0,,,bloqueado G4,20260514_2032,
2026-05-14 20:32:49,STABLEUSDT,0,NONE,G1|G2,G4,2,415,BULLISH,5,7,0,0,042473,608462,14007663,0,,,bloqueado G4,20260514_2032,
2026-05-14 20:32:49,HIGHERUSDT,0,NONE,G1|G2,G4,4,0538,BULLISH,66,05,0,0,00038261,38331988,4524446,0,,,bloqueado G4,20260514_2032,
2026-05-14 20:32:50,MLNUSDT,0,NONE,G1|G2,G4,4,3313,BULLISH,35,01,0,2,954,16334,8310666,0,,,bloqueado G4,20260514_2032,
2026-05-14 20:32:50,XNAUSDT,0,NONE,G1|G2,G4,2,2788,BEARISH,-13,06,0,4,675E-05,177379581,783035,0,,,bloqueado G4,20260514_2032,
2026-05-14 20:32:51,DONKEYUSDT,0,NONE,G1|G2,G4,10,4209,BEARISH,-53,51,0,0,000447,42558822,5221075,0,,,bloqueado G4,20260514_2032,
2026-05-14 20:32:51,SWTCHUSDT,0,NONE,G1|G2,G4,2,8703,BEARISH,-23,79,0,0,002249,3498948,21531012,0,,,bloqueado G4,20260514_2032,
2026-05-14 20:32:51,AIUSDT,85,DISCOVERY,G1|G2|G3|G4|G6,,3,2026,BULLISH,24,11,82195,0,029992,515452,84452468,2,24,0,5,2,DISCOVERY score=85 gates=G1;G2;G3;G4;G6,20260514_2032,
2026-05-14 20:32:52,HYPEUSDT,95,DISCOVERY,G1|G2|G3|G4|G5|G6,,4,5548,BULLISH,14,25,0,44,39,39628,50268959,2,24,0,5,2,DISCOVERY score=95 gates=G1;G2;G3;G4;G5;G6,20260514_2032,
2026-05-15 07:09:58,THORUSDT,0,NONE,G1|G2,G4,5.1128,BEARISH,-49.82,0,0.02293,391883.12326555,0,,,bloqueado G4,20260515_0709,
2026-05-15 08:11:15,THORUSDT,0,NONE,G1|G2,G4,5.4343,BEARISH,-50.99,0,0.022437,416526.11903505,0,,,bloqueado G4,20260515_0811,
2026-05-15 08:42:45,ELIZAOSUSDT,0,NONE,G1|G2,G4,2.0116,BULLISH,21.55,0,0.001049,9480480.57092287,0,,,bloqueado G4,20260515_0842,
2026-05-15 08:42:46,THORUSDT,0,NONE,G1|G2,G4,5.8054,BEARISH,-45.44,0,0.024981,444968.99423967,0,,,bloqueado G4,20260515_0842,
2026-05-15 09:14:15,ELIZAOSUSDT,0,NONE,G1|G2,G4,2.0905,BULLISH,20.63,0,0.001041,9852582.10396735,0,,,bloqueado G4,20260515_0914,
2026-05-15 09:14:15,THORUSDT,0,NONE,G1|G2,G4,6.1832,BEARISH,-44.59,0,0.025371,473927.41146682,0,,,bloqueado G4,20260515_0914,
2026-05-15 09:45:46,ELIZAOSUSDT,0,NONE,G1|G2,G4,2.1541,BULLISH,25.96,0,0.001087,10152197.70662703,0,,,bloqueado G4,20260515_0945,
2026-05-15 09:45:46,THORUSDT,0,NONE,G1|G2,G4,6.3368,BEARISH,-43.13,0,0.026559,485700.3765915,0,,,bloqueado G4,20260515_0945,
2026-05-15 10:17:26,ELIZAOSUSDT,0,NONE,G1|G2,G4,2.1886,BULLISH,18.31,0,0.001024,10314673.15701375,0,,,bloqueado G4,20260515_1017,
2026-05-15 10:17:27,PONKEUSDT,0,NONE,G1|G2,G4,3.6917,BULLISH,30.44,0,0.044186,574328.6327805,0,,,bloqueado G4,20260515_1017,
2026-05-15 10:17:27,THORUSDT,0,NONE,G1|G2,G4,6.514,BEARISH,-40.83,0,0.027091,499281.99701941,0,,,bloqueado G4,20260515_1017,
2026-05-15 10:46:06,ELIZAOSUSDT,0,NONE,G1|G2,G4,2.276,BULLISH,16.34,0,0.001004,10726566.95786907,0,,,bloqueado G4,20260515_1046,
2026-05-15 10:46:07,PONKEUSDT,0,NONE,G1|G2,G4,5.131,BULLISH,34.7,0,0.045634,798228.21824429,0,,,bloqueado G4,20260515_1046,
2026-05-15 10:46:07,THORUSDT,0,NONE,G1|G2,G4,6.5659,BEARISH,-37.87,0,0.028448,503260.97563483,0,,,bloqueado G4,20260515_1046,
2026-05-15 11:19:03,ELIZAOSUSDT,0,NONE,G1|G2,G4,2.3109,BULLISH,17.27,0,0.001004,10891080.18637616,0,,,bloqueado G4,20260515_1119,
2026-05-15 11:19:04,PONKEUSDT,0,NONE,G1|G2,G4,5.6857,BULLISH,26.23,0,0.043192,884531.0557259,0,,,bloqueado G4,20260515_1119,
2026-05-15 11:19:04,THORUSDT,0,NONE,G1|G2,G4,6.6799,BEARISH,-40.93,0,0.027047,511995.97629937,0,,,bloqueado G4,20260515_1119,
2026-05-15 11:19:04,ARCUSDT,0,NONE,G1|G2,G4,2.0746,NEUTRAL,-5.65,0,0.05695,289819.13488676,0,,,bloqueado G4,20260515_1119,
2026-05-15 11:52:45,ELIZAOSUSDT,0,NONE,G1|G2,G4,2.3734,BULLISH,21.21,0,0.001046,11185749.029464081,0,,,bloqueado G4,20260515_1152,
2026-05-15 11:52:45,PONKEUSDT,0,NONE,G1|G2,G4,5.9412,BULLISH,18.36,0,0.040502,924278.12849748,0,,,bloqueado G4,20260515_1152,
2026-05-15 11:52:46,THORUSDT,0,NONE,G1|G2,G4,6.7581,BEARISH,-40.31,0,0.027327,517989.71003843,0,,,bloqueado G4,20260515_1152,
2026-05-15 11:52:46,ARCUSDT,0,NONE,G1|G2,G4,2.1138,NEUTRAL,-3.72,0,0.058116,295286.59278252,0,,,bloqueado G4,20260515_1152,
2026-05-15 12:05:39,ELIZAOSUSDT,0,NONE,G1|G2,G4,2.384,BULLISH,18.77,0,0.001025,11235713.25794686,0,,,bloqueado G4,20260515_1205,
2026-05-15 12:05:40,PONKEUSDT,0,NONE,G1|G2,G4,6.0312,BULLISH,15.96,0,0.039678,938281.83642511,0,,,bloqueado G4,20260515_1205,
2026-05-15 12:05:40,THORUSDT,0,NONE,G1|G2,G4,6.8033,BEARISH,-40.97,0,0.027026,521452.73023186,0,,,bloqueado G4,20260515_1205,
2026-05-15 12:05:40,ARCUSDT,0,NONE,G1|G2,G4,2.1482,NEUTRAL,-1.8,0,0.058978,300091.86888092,0,,,bloqueado G4,20260515_1205,
2026-05-15 12:07:06,ELIZAOSUSDT,0,NONE,G1|G2,G4,2.3845,BULLISH,18.89,0,0.001026,11237933.25794686,0,,,bloqueado G4,20260515_1207,
2026-05-15 12:07:06,PONKEUSDT,0,NONE,G1|G2,G4,6.0491,BULLISH,15.59,0,0.039678,941057.86622061,0,,,bloqueado G4,20260515_1207,
2026-05-15 12:07:07,THORUSDT,0,NONE,G1|G2,G4,6.804,BEARISH,-40.95,0,0.027046,521506.44476704,0,,,bloqueado G4,20260515_1207,
2026-05-15 12:07:07,ARCUSDT,0,NONE,G1|G2,G4,2.1549,NEUTRAL,-2.53,0,0.058831,301030.44028067,0,,,bloqueado G4,20260515_1207,
2026-05-15 12:23:43,ELIZAOSUSDT,0,NONE,G1|G2,G4,2.3943,BULLISH,16.34,0,0.001004,11284166.284030629,0,,,bloqueado G4,20260515_1223,
2026-05-15 12:23:44,PONKEUSDT,0,NONE,G1|G2,G4,6.1276,BULLISH,9.33,0,0.03741,953274.36374771,0,,,bloqueado G4,20260515_1223,
2026-05-15 12:23:44,THORUSDT,0,NONE,G1|G2,G4,6.8205,BEARISH,-40.92,0,0.027052,522769.29590567,0,,,bloqueado G4,20260515_1223,
2026-05-15 12:23:44,ARCUSDT,0,NONE,G1|G2,G4,2.2026,NEUTRAL,-2.27,0,0.058991,307698.01249775,0,,,bloqueado G4,20260515_1223,
2026-05-15 12:40:20,ELIZAOSUSDT,0,NONE,G1|G2,G4,2.4186,BULLISH,17.38,0,0.001013,11398782.649411939,0,,,bloqueado G4,20260515_1240,
2026-05-15 12:40:20,PONKEUSDT,0,NONE,G1|G2,G4,6.1927,BULLISH,12.41,0,0.038464,963404.2898086,0,,,bloqueado G4,20260515_1240,
2026-05-15 12:40:20,THORUSDT,0,NONE,G1|G2,G4,6.8566,BEARISH,-40.32,0,0.027326,525536.51756226,0,,,bloqueado G4,20260515_1240,
2026-05-15 12:40:20,ARCUSDT,0,NONE,G1|G2,G4,2.2315,NEUTRAL,-1.29,0,0.059578,311724.00135085,0,,,bloqueado G4,20260515_1240,
2026-05-15 12:56:57,ELIZAOSUSDT,0,NONE,G1|G2,G4,2.429,BULLISH,16.57,0,0.001007,11447595.649411939,0,,,bloqueado G4,20260515_1256,
2026-05-15 12:56:57,PONKEUSDT,0,NONE,G1|G2,G4,6.3396,BULLISH,14.1,0,0.039238,986258.45410266,0,,,bloqueado G4,20260515_1256,
2026-05-15 12:56:58,THORUSDT,0,NONE,G1|G2,G4,6.8692,BEARISH,-40.32,0,0.027326,526504.01756226,0,,,bloqueado G4,20260515_1256,
2026-05-15 12:56:58,ARCUSDT,0,NONE,G1|G2,G4,2.247,NEUTRAL,-2.1,0,0.05909,313893.57507686,0,,,bloqueado G4,20260515_1256,
2026-05-15 13:13:36,ELIZAOSUSDT,0,NONE,G1|G2,G4,2.4581,BULLISH,16.22,0,0.001003,11584958.17292946,0,,,bloqueado G4,20260515_1313,
2026-05-15 13:13:36,PONKEUSDT,0,NONE,G1|G2,G4,6.3679,BULLISH,15.86,0,0.039631,990657.24705956,0,,,bloqueado G4,20260515_1313,
2026-05-15 13:13:36,THORUSDT,0,NONE,G1|G2,G4,6.8811,BEARISH,-40.32,0,0.027326,527419.01756226,0,,,bloqueado G4,20260515_1313,
2026-05-15 13:13:37,ARCUSDT,0,NONE,G1|G2,G4,2.3147,NEUTRAL,-3.75,0,0.058232,323352.50792438,0,,,bloqueado G4,20260515_1313,
2026-05-15 13:30:18,ELIZAOSUSDT,0,NONE,G1|G2,G4,2.4714,BULLISH,15.64,0,0.000998,11647324.862326089,0,,,bloqueado G4,20260515_1330,
2026-05-15 13:30:18,PPKASUSDT,0,NONE,G1|G2,G4,2.0654,BULLISH,80.49,0,0.00021961,60697233.50985875,0,,,bloqueado G4,20260515_1330,
2026-05-15 13:30:19,PONKEUSDT,0,NONE,G1|G2,G4,6.3801,BULLISH,13.74,0,0.03892,992565.46703489,0,,,bloqueado G4,20260515_1330,
2026-05-15 13:30:19,THORUSDT,0,NONE,G1|G2,G4,6.8938,BEARISH,-40.31,0,0.027327,528393.51756226,0,,,bloqueado G4,20260515_1330,
2026-05-15 13:30:19,ARCUSDT,0,NONE,G1|G2,G4,2.3371,NEUTRAL,-2.73,0,0.058712,326481.79877162,0,,,bloqueado G4,20260515_1330,
2026-05-15 13:46:49,ELIZAOSUSDT,0,NONE,G1|G2,G4,2.6935,BULLISH,12.86,0,0.000971,12694131.734039949,0,,,bloqueado G4,20260515_1346,
2026-05-15 13:46:50,PPKASUSDT,0,NONE,G1|G2,G4,2.269,BULLISH,78.67,0,0.00020668,66679289.7633785,0,,,bloqueado G4,20260515_1346,
2026-05-15 13:46:50,PONKEUSDT,0,NONE,G1|G2,G4,6.5204,BULLISH,18.37,0,0.040707,1014387.54034833,0,,,bloqueado G4,20260515_1346,
2026-05-15 13:46:51,THORUSDT,0,NONE,G1|G2,G4,6.9086,BEARISH,-40.31,0,0.027327,529526.47642396,0,,,bloqueado G4,20260515_1346,
2026-05-15 13:46:51,ARCUSDT,0,NONE,G1|G2,G4,2.6382,BULLISH,5.72,0,0.063801,368542.25688214,0,,,bloqueado G4,20260515_1346,
2026-05-15 14:03:40,ELIZAOSUSDT,0,NONE,G1|G2,G4,2.7507,BULLISH,15.06,0,0.000988,12963892.496194379,0,,,bloqueado G4,20260515_1403,
2026-05-15 14:03:41,PPKASUSDT,0,NONE,G1|G2,G4,2.372,BULLISH,92.72,0,0.00022294,69707154.650105536,0,,,bloqueado G4,20260515_1403,
2026-05-15 14:03:41,PONKEUSDT,0,NONE,G1|G2,G4,6.7216,BULLISH,18.96,0,0.041115,1045681.4475408,0,,,bloqueado G4,20260515_1403,
2026-05-15 14:03:41,THORUSDT,0,NONE,G1|G2,G4,6.9212,BEARISH,-40.31,0,0.027327,530490.97642396,0,,,bloqueado G4,20260515_1403,
2026-05-15 14:03:42,ARCUSDT,0,NONE,G1|G2,G4,3.1673,BULLISH,16.96,0,0.070595,442457.15132446,0,,,bloqueado G4,20260515_1403,
2026-05-15 14:21:26,ELIZAOSUSDT,0,NONE,G1|G2,G4,2.8144,BULLISH,14.02,0,0.000984,13264231.75038046,0,,,bloqueado G4,20260515_1421,
2026-05-15 14:21:26,STORJUSDT,0,NONE,G1|G2,G4,5.5048,BULLISH,6.49,0,0.115274,845694.76022166,0,,,bloqueado G4,20260515_1421,
2026-05-15 14:21:26,PPKASUSDT,0,NONE,G1|G2,G4,2.5117,BULLISH,84.17,0,0.00021305,73811745.047067136,0,,,bloqueado G4,20260515_1421,
2026-05-15 14:21:27,PONKEUSDT,0,NONE,G1|G2,G4,6.7971,BULLISH,18.8,0,0.040651,1057434.52598622,0,,,bloqueado G4,20260515_1421,
2026-05-15 14:21:27,THORUSDT,0,NONE,G1|G2,G4,6.9923,BEARISH,-33.43,0,0.030477,535943.8778628,0,,,bloqueado G4,20260515_1421,
2026-05-15 14:21:27,ARCUSDT,0,NONE,G1|G2,G4,3.3302,BULLISH,17.54,0,0.070595,465220.65030908,0,,,bloqueado G4,20260515_1421,
2026-05-15 14:38:16,ELIZAOSUSDT,0,NONE,G1|G2,G4,2.8227,BULLISH,14.72,0,0.00099,13303211.75038046,0,,,bloqueado G4,20260515_1438,
2026-05-15 14:38:17,STORJUSDT,0,NONE,G1|G2,G4,5.5962,BULLISH,9.2,0,0.118933,859732.39095463,0,,,bloqueado G4,20260515_1438,
2026-05-15 14:38:17,PPKASUSDT,0,NONE,G1|G2,G4,2.5263,BULLISH,79.57,0,0.00020773,74240988.689906582,0,,,bloqueado G4,20260515_1438,
2026-05-15 14:38:17,PONKEUSDT,0,NONE,G1|G2,G4,6.8172,BULLISH,18.2,0,0.040444,1060552.65726541,0,,,bloqueado G4,20260515_1438,
2026-05-15 14:38:18,THORUSDT,0,NONE,G1|G2,G4,7.0594,BEARISH,-24.54,0,0.034551,541080.87637824,0,,,bloqueado G4,20260515_1438,
2026-05-15 14:38:18,ARCUSDT,0,NONE,G1|G2,G4,3.4323,BULLISH,19,0,0.07141,479470.58194754,0,,,bloqueado G4,20260515_1438,
2026-05-15 14:54:52,ELIZAOSUSDT,0,NONE,G1|G2,G4,2.866,BULLISH,15.41,0,0.000993,13507133.01934598,0,,,bloqueado G4,20260515_1454,
2026-05-15 14:54:53,STORJUSDT,0,NONE,G1|G2,G4,7.2628,BULLISH,28.69,0,0.14033,1115764.18209537,0,,,bloqueado G4,20260515_1454,
2026-05-15 14:54:53,PPKASUSDT,0,NONE,G1|G2,G4,2.5793,BULLISH,70.52,0,0.00019726,75796518.276847184,0,,,bloqueado G4,20260515_1454,
2026-05-15 14:54:53,PONKEUSDT,0,NONE,G1|G2,G4,6.8416,BULLISH,14.68,0,0.03925,1064348.83768013,0,,,bloqueado G4,20260515_1454,
2026-05-15 14:54:53,THORUSDT,0,NONE,G1|G2,G4,7.0727,BEARISH,-24.54,0,0.034551,542103.87637824,0,,,bloqueado G4,20260515_1454,
2026-05-15 14:54:54,ARCUSDT,0,NONE,G1|G2,G4,3.49,BULLISH,21,0,0.073033,487536.29874743,0,,,bloqueado G4,20260515_1454,
2026-05-15 14:54:54,ROUTEUSDT,0,NONE,G1|G2,G4,2.094,BULLISH,37.91,0,0.001819,4385893.19186909,0,,,bloqueado G4,20260515_1454,
2026-05-15 15:11:28,ELIZAOSUSDT,0,NONE,G1|G2,G4,2.8828,BULLISH,13.9,0,0.000983,13586596.77253985,0,,,bloqueado G4,20260515_1511,
2026-05-15 15:11:28,STORJUSDT,0,NONE,G1|G2,G4,10.9518,BULLISH,37.01,0,0.148052,1682508.09101633,0,,,bloqueado G4,20260515_1511,
2026-05-15 15:11:28,PPKASUSDT,0,NONE,G1|G2,G4,2.6619,BULLISH,72.25,0,0.00019926,78226051.4706061,0,,,bloqueado G4,20260515_1511,
2026-05-15 15:11:28,PONKEUSDT,0,NONE,G1|G2,G4,6.8613,BULLISH,14.1,0,0.039044,1067424.34625011,0,,,bloqueado G4,20260515_1511,
2026-05-15 15:11:29,THORUSDT,0,NONE,G1|G2,G4,7.0943,BEARISH,-25.65,0,0.034041,543756.45620027,0,,,bloqueado G4,20260515_1511,
2026-05-15 15:11:29,OORTUSDT,0,NONE,G1|G2,G4,2.4986,BEARISH,-30.76,0,0.008837,476306.71432737,0,,,bloqueado G4,20260515_1511,
2026-05-15 15:11:29,ARCUSDT,0,NONE,G1|G2,G4,3.5421,BULLISH,19.84,0,0.072336,494819.47087233,0,,,bloqueado G4,20260515_1511,
2026-05-15 15:11:30,ROUTEUSDT,0,NONE,G1|G2,G4,2.1036,BULLISH,39.42,0,0.001839,4405957.51529511,0,,,bloqueado G4,20260515_1511,
2026-05-15 15:28:14,ELIZAOSUSDT,0,NONE,G1|G2,G4,2.8983,BULLISH,12.51,0,0.000968,13659608.37131213,0,,,bloqueado G4,20260515_1528,
2026-05-15 15:28:15,PPKASUSDT,0,NONE,G1|G2,G4,2.6721,BULLISH,76.64,0,0.00020434,78525084.993188649,0,,,bloqueado G4,20260515_1528,
2026-05-15 15:28:15,PONKEUSDT,0,NONE,G1|G2,G4,6.8802,BULLISH,11.91,0,0.038293,1070364.12261618,0,,,bloqueado G4,20260515_1528,
2026-05-15 15:28:16,THORUSDT,0,NONE,G1|G2,G4,7.1129,BEARISH,-25.06,0,0.034309,545181.5241245,0,,,bloqueado G4,20260515_1528,
2026-05-15 15:28:16,OORTUSDT,0,NONE,G1|G2,G4,2.59,BEARISH,-30.48,0,0.008873,493731.23798304,0,,,bloqueado G4,20260515_1528,
2026-05-15 15:28:16,ARCUSDT,0,NONE,G1|G2,G4,3.618,BULLISH,19.84,0,0.072334,505415.37096255,0,,,bloqueado G4,20260515_1528,
2026-05-15 15:28:17,ROUTEUSDT,0,NONE,G1|G2,G4,2.163,BULLISH,38.36,0,0.001825,4530450.33271209,0,,,bloqueado G4,20260515_1528,
2026-05-15 15:28:17,STORJUSDT,0,NONE,G1,G3,12.4639,BULLISH,36.54,21515424,0.146913,1914810.73813537,0,,,BLOQUEADO -- G3: mcap acima do limite,20260515_1528,
2026-05-15 15:45:59,ELIZAOSUSDT,0,NONE,G1|G2,G4,2.9134,BULLISH,11.7,0,0.000954,13730761.20511947,0,,,bloqueado G4,20260515_1545,
2026-05-15 15:45:59,PPKASUSDT,0,NONE,G1|G2,G4,2.6983,BULLISH,85.63,0,0.00021904,79293830.436220333,0,,,bloqueado G4,20260515_1545,
2026-05-15 15:46:03,PONKEUSDT,0,NONE,G1|G2,G4,6.9065,BULLISH,12.45,0,0.038555,1074457.69856958,0,,,bloqueado G4,20260515_1545,
2026-05-15 15:46:04,THORUSDT,0,NONE,G1|G2,G4,7.1294,BEARISH,-26.22,0,0.033778,546451.31439676,0,,,bloqueado G4,20260515_1545,
2026-05-15 15:46:04,OORTUSDT,0,NONE,G1|G2,G4,2.7873,BEARISH,-27.78,0,0.009218,531349.31150548,0,,,bloqueado G4,20260515_1545,
2026-05-15 15:46:05,ARCUSDT,0,NONE,G1|G2,G4,3.6689,BULLISH,21.65,0,0.073442,512522.76435607,0,,,bloqueado G4,20260515_1545,
2026-05-15 15:46:06,ROUTEUSDT,0,NONE,G1|G2,G4,2.1879,BULLISH,36.32,0,0.001798,4582516.26089863,0,,,bloqueado G4,20260515_1545,
2026-05-15 15:46:07,STORJUSDT,75,MOMENTUM,G1|G2|G3|G4|G5,,14.6853,BULLISH,26.45,19659030,0.13675,2256083.14430677,4.47,0.3,0.9,MOMENTUM score=75 gates=G1;G2;G3;G4;G5,20260515_1545,
2026-05-15 16:10:44,ELIZAOSUSDT,0,NONE,G1|G2,G4,2.9295,BULLISH,12.05,0,0.000967,13806409.7024096,0,,,bloqueado G4,20260515_1610,
2026-05-15 16:10:44,PPKASUSDT,0,NONE,G1|G2,G4,2.7976,BULLISH,83.81,0,0.00021263,82212404.472722292,0,,,bloqueado G4,20260515_1610,
2026-05-15 16:10:45,PONKEUSDT,0,NONE,G1|G2,G4,6.928,BULLISH,11.33,0,0.038094,1077794.64793464,0,,,bloqueado G4,20260515_1610,
2026-05-15 16:10:46,THORUSDT,0,NONE,G1|G2,G4,7.1576,BEARISH,-21.67,0,0.035862,548613.39780187,0,,,bloqueado G4,20260515_1610,
2026-05-15 16:10:47,OORTUSDT,0,NONE,G1|G2,G4,2.8705,BEARISH,-21.17,0,0.010061,547217.78981309,0,,,bloqueado G4,20260515_1610,
2026-05-15 16:10:48,ARCUSDT,0,NONE,G1|G2,G4,3.6969,BULLISH,21.65,0,0.073427,516434.73968649,0,,,bloqueado G4,20260515_1610,
2026-05-15 16:10:49,ROUTEUSDT,0,NONE,G1|G2,G4,2.2892,BULLISH,37.98,0,0.00182,4794722.25598797,0,,,bloqueado G4,20260515_1610,
2026-05-15 16:10:49,STORJUSDT,0,NONE,G1,G3,15.949,BULLISH,34.7,20438399,0.145584,2450211.88576896,0,,,BLOQUEADO -- G3: mcap acima do limite,20260515_1610,
2026-05-15 16:28:43,ELIZAOSUSDT,0,NONE,G1|G2,G4,2.9381,BULLISH,12.28,0,0.000969,13847229.7024096,0,,,bloqueado G4,20260515_1628,
2026-05-15 16:28:44,PPKASUSDT,0,NONE,G1|G2,G4,3.1551,BULLISH,155.01,0,0.000295,92719144.8065086,0,,,bloqueado G4,20260515_1628,
2026-05-15 16:28:45,PONKEUSDT,0,NONE,G1|G2,G4,6.9493,BULLISH,10.75,0,0.037826,1081107.71795281,0,,,bloqueado G4,20260515_1628,
2026-05-15 16:28:46,THORUSDT,0,NONE,G1|G2,G4,7.1711,BEARISH,-22.54,0,0.035467,549644.39780187,0,,,bloqueado G4,20260515_1628,
2026-05-15 16:28:47,OORTUSDT,0,NONE,G1|G2,G4,2.9456,BEARISH,-24.44,0,0.009667,561532.19087668,0,,,bloqueado G4,20260515_1628,
2026-05-15 16:28:48,ARCUSDT,0,NONE,G1|G2,G4,3.71,BULLISH,22.49,0,0.073936,518266.70417429,0,,,bloqueado G4,20260515_1628,
2026-05-15 16:28:48,ROUTEUSDT,0,NONE,G1|G2,G4,2.3317,BULLISH,37.45,0,0.001813,4883683.94414733,0,,,bloqueado G4,20260515_1628,
2026-05-15 16:28:49,STORJUSDT,0,NONE,G1,G3,16.4397,BULLISH,35.17,20846139,0.145012,2525604.25177208,0,,,BLOQUEADO -- G3: mcap acima do limite,20260515_1628,
2026-05-15 16:47:44,ELIZAOSUSDT,0,NONE,G1|G2,G4,3.0171,BULLISH,22.02,0,0.001067,14219554.467855779,0,,,bloqueado G4,20260515_1647,
2026-05-15 16:47:44,PPKASUSDT,0,NONE,G1|G2,G4,3.4498,BULLISH,199.92,0,0.00036819,101380338.19379757,0,,,bloqueado G4,20260515_1647,
2026-05-15 16:47:44,PONKEUSDT,0,NONE,G1|G2,G4,6.9647,BULLISH,11.44,0,0.038285,1083504.33634202,0,,,bloqueado G4,20260515_1647,
2026-05-15 16:47:45,THORUSDT,0,NONE,G1|G2,G4,7.1852,BEARISH,-22.54,0,0.035467,550726.39780187,0,,,bloqueado G4,20260515_1647,
2026-05-15 16:47:45,OORTUSDT,0,NONE,G1|G2,G4,2.9647,BEARISH,-23.72,0,0.009741,565175.02741417,0,,,bloqueado G4,20260515_1647,
2026-05-15 16:47:45,ARCUSDT,0,NONE,G1|G2,G4,3.7186,BULLISH,21.88,0,0.073568,519472.91162017,0,,,bloqueado G4,20260515_1647,
2026-05-15 16:47:45,ROUTEUSDT,0,NONE,G1|G2,G4,2.5717,BULLISH,22.52,0,0.001611,5386496.00544259,0,,,bloqueado G4,20260515_1647,
2026-05-15 16:47:46,STORJUSDT,0,NONE,G1,G3,17.449,BULLISH,32.7,20379705,0.142257,2680660.40186325,0,,,BLOQUEADO -- G3: mcap acima do limite,20260515_1647,
2026-05-15 17:05:11,ELIZAOSUSDT,0,NONE,G1|G2,G4,3.165,BULLISH,21.32,0,0.001046,14916576.75730901,0,,,bloqueado G4,20260515_1705,
2026-05-15 17:05:12,PPKASUSDT,0,NONE,G1|G2,G4,4.1936,BULLISH,238.94,0,0.00039209,123236089.60569163,0,,,bloqueado G4,20260515_1705,
2026-05-15 17:05:12,PONKEUSDT,0,NONE,G1|G2,G4,6.988,BULLISH,13.57,0,0.038861,1087130.44340136,0,,,bloqueado G4,20260515_1705,
2026-05-15 17:05:13,THORUSDT,0,NONE,G1|G2,G4,7.198,BEARISH,-22.54,0,0.035467,551710.39780187,0,,,bloqueado G4,20260515_1705,
2026-05-15 17:05:13,OORTUSDT,0,NONE,G1|G2,G4,3.1662,BEARISH,-28.14,0,0.009178,603583.83014439,0,,,bloqueado G4,20260515_1705,
2026-05-15 17:05:14,ARCUSDT,0,NONE,G1|G2,G4,3.969,BULLISH,21.27,0,0.0732,554457.5707982,0,,,bloqueado G4,20260515_1705,
2026-05-15 17:05:14,ROUTEUSDT,0,NONE,G1|G2,G4,2.6483,BULLISH,35.03,0,0.001781,5546800.27488158,0,,,bloqueado G4,20260515_1705,
2026-05-15 17:05:14,STORJUSDT,0,NONE,G1,G3,17.6284,BULLISH,29.01,20031106,0.13909,2708218.86870973,0,,,BLOQUEADO -- G3: mcap acima do limite,20260515_1705,
2026-05-15 17:37:55,ELIZAOSUSDT,0,NONE,G1|G2,G4,3.2062,BULLISH,18.19,0,0.001019,15110503.47860181,0,,,bloqueado G4,20260515_1737,
2026-05-15 17:37:56,PPKASUSDT,0,NONE,G1|G2,G4,5.1002,BULLISH,142.05,0,0.00028,149879508.11836639,0,,,bloqueado G4,20260515_1737,
2026-05-15 17:37:56,PONKEUSDT,0,NONE,G1|G2,G4,7.0441,BULLISH,14.6,0,0.039214,1095865.96896621,0,,,bloqueado G4,20260515_1737,
2026-05-15 17:37:57,THORUSDT,0,NONE,G1|G2,G4,7.2228,BEARISH,-22.54,0,0.035467,553605.39780187,0,,,bloqueado G4,20260515_1737,
2026-05-15 17:37:57,OORTUSDT,0,NONE,G1|G2,G4,3.1953,BEARISH,-26.63,0,0.009363,609122.0599042,0,,,bloqueado G4,20260515_1737,
2026-05-15 17:37:58,ARCUSDT,0,NONE,G1|G2,G4,4.8108,BULLISH,20.97,0,0.073019,672045.79545553,0,,,bloqueado G4,20260515_1737,
2026-05-15 17:37:58,ROUTEUSDT,0,NONE,G1|G2,G4,2.6903,BULLISH,33.66,0,0.001763,5634846.22707391,0,,,bloqueado G4,20260515_1737,
2026-05-15 17:37:59,STORJUSDT,0,NONE,G1,G3,18.7435,BULLISH,33.62,20693249,0.144816,2879536.48857548,0,,,BLOQUEADO -- G3: mcap acima do limite,20260515_1737,
2026-05-15 18:10:27,ELIZAOSUSDT,0,NONE,G1|G2,G4,3.2354,BULLISH,16.45,0,0.001005,15248056.7633545,0,,,bloqueado G4,20260515_1810,
2026-05-15 18:10:28,PPKASUSDT,0,NONE,G1|G2,G4,5.3228,BULLISH,163.63,0,0.00030497,156422148.8862319,0,,,bloqueado G4,20260515_1810,
2026-05-15 18:10:28,PONKEUSDT,0,NONE,G1|G2,G4,7.0821,BULLISH,14.02,0,0.039017,1101763.29173113,0,,,bloqueado G4,20260515_1810,
2026-05-15 18:10:28,THORUSDT,0,NONE,G1|G2,G4,7.2475,BEARISH,-23.24,0,0.035143,555504.39780187,0,,,bloqueado G4,20260515_1810,
2026-05-15 18:10:28,OORTUSDT,0,NONE,G1|G2,G4,3.2548,BEARISH,-32.88,0,0.008501,620472.55780767,0,,,bloqueado G4,20260515_1810,
2026-05-15 18:10:29,ARCUSDT,0,NONE,G1|G2,G4,5.0735,BULLISH,22.19,0,0.073754,708751.55170047,0,,,bloqueado G4,20260515_1810,
2026-05-15 18:10:30,ROUTEUSDT,0,NONE,G1|G2,G4,2.7419,BULLISH,33.81,0,0.001765,5742786.08854513,0,,,bloqueado G4,20260515_1810,
2026-05-15 18:10:31,STORJUSDT,0,NONE,G1,G3,20.4719,BULLISH,30.7,20211097,0.14075,3145058.12623357,0,,,BLOQUEADO -- G3: mcap acima do limite,20260515_1810,
2026-05-15 18:43:07,ELIZAOSUSDT,0,NONE,G1|G2,G4,3.2537,BULLISH,16.22,0,0.001003,15334431.7633545,0,,,bloqueado G4,20260515_1843,
2026-05-15 18:43:08,PPKASUSDT,0,NONE,G1|G2,G4,5.5497,BULLISH,191.68,0,0.00034079,163090128.78223825,0,,,bloqueado G4,20260515_1843,
2026-05-15 18:43:08,PONKEUSDT,0,NONE,G1|G2,G4,7.2424,BULLISH,10.85,0,0.037932,1126711.98275329,0,,,bloqueado G4,20260515_1843,
2026-05-15 18:43:09,THORUSDT,0,NONE,G1|G2,G4,7.2722,BEARISH,-23.3,0,0.035116,557391.39780187,0,,,bloqueado G4,20260515_1843,
2026-05-15 18:43:10,OORTUSDT,0,NONE,G1|G2,G4,3.4029,BEARISH,-30.85,0,0.008825,648705.52512193,0,,,bloqueado G4,20260515_1843,
2026-05-15 18:43:10,ARCUSDT,0,NONE,G1|G2,G4,5.3069,BULLISH,21.29,0,0.07321,741343.81886774,0,,,bloqueado G4,20260515_1843,
2026-05-15 18:43:11,ROUTEUSDT,0,NONE,G1|G2,G4,2.7857,BULLISH,35.1,0,0.001777,5834653.7090077,0,,,bloqueado G4,20260515_1843,
2026-05-15 18:43:12,STORJUSDT,85,MOMENTUM,G1|G2|G3|G4|G6,,21.3261,BULLISH,26.59,19829431,0.136892,3276285.51955186,4.47,0.3,0.9,MOMENTUM score=85 gates=G1;G2;G3;G4;G6,20260515_1843,
2026-05-15 18:48:09,ARTYUSDT,0,NONE,G1|G2,G4,2.0002,BULLISH,34.48,0,0.0819,77105.15483727,0,,,bloqueado G4,20260515_1848,
2026-05-15 18:48:10,ELIZAOSUSDT,0,NONE,G1|G2,G4,3.2561,BULLISH,16.11,0,0.001002,15345871.7633545,0,,,bloqueado G4,20260515_1848,
2026-05-15 18:48:10,PPKASUSDT,0,NONE,G1|G2,G4,5.5734,BULLISH,197.4,0,0.00034403,163785615.007579,0,,,bloqueado G4,20260515_1848,
2026-05-15 18:48:10,PONKEUSDT,0,NONE,G1|G2,G4,7.2439,BULLISH,10.88,0,0.037942,1126941.98275329,0,,,bloqueado G4,20260515_1848,
2026-05-15 18:48:11,THORUSDT,0,NONE,G1|G2,G4,7.2752,BEARISH,-23.3,0,0.035116,557622.39780187,0,,,bloqueado G4,20260515_1848,
2026-05-15 18:48:11,OORTUSDT,0,NONE,G1|G2,G4,3.4053,BEARISH,-30.8,0,0.008856,649165.52512193,0,,,bloqueado G4,20260515_1848,
2026-05-15 18:48:11,ARCUSDT,0,NONE,G1|G2,G4,5.3132,BULLISH,21.6,0,0.073577,742234.38526814,0,,,bloqueado G4,20260515_1848,
2026-05-15 18:48:11,ROUTEUSDT,0,NONE,G1|G2,G4,2.7907,BULLISH,33.66,0,0.001763,5845181.5816329,0,,,bloqueado G4,20260515_1848,
2026-05-15 18:48:12,STORJUSDT,85,MOMENTUM,G1|G2|G3|G4|G6,,21.3282,BULLISH,27.92,19723576,0.137881,3276607.31955186,4.47,0.3,0.9,MOMENTUM score=85 gates=G1;G2;G3;G4;G6,20260515_1848,
2026-05-15 19:13:08,ARTYUSDT,0,NONE,G1|G2,G4,2.0363,BULLISH,26.6,0,0.0768,78499.50824813,0,,,bloqueado G4,20260515_1913,
2026-05-15 19:13:09,ELIZAOSUSDT,0,NONE,G1|G2,G4,3.271,BULLISH,16.45,0,0.001005,15416125.0366756,0,,,bloqueado G4,20260515_1913,
2026-05-15 19:13:09,PPKASUSDT,0,NONE,G1|G2,G4,5.6364,BULLISH,194.47,0,0.00034064,165638058.0818474,0,,,bloqueado G4,20260515_1913,
2026-05-15 19:13:10,PONKEUSDT,0,NONE,G1|G2,G4,7.2572,BULLISH,10.69,0,0.037876,1129008.48275329,0,,,bloqueado G4,20260515_1913,
2026-05-15 19:13:10,THORUSDT,0,NONE,G1|G2,G4,7.3054,BEARISH,-23.3,0,0.035117,559936.01942563,0,,,bloqueado G4,20260515_1913,
2026-05-15 19:13:10,OORTUSDT,0,NONE,G1|G2,G4,3.4396,BEARISH,-27.99,0,0.00919,655696.17998543,0,,,bloqueado G4,20260515_1913,
2026-05-15 19:13:10,ARCUSDT,0,NONE,G1|G2,G4,5.3175,BULLISH,21.9,0,0.073577,742829.18526814,0,,,bloqueado G4,20260515_1913,
2026-05-15 19:13:11,ROUTEUSDT,0,NONE,G1|G2,G4,2.817,BULLISH,30.17,0,0.001717,5900102.17003718,0,,,bloqueado G4,20260515_1913,
2026-05-15 19:13:11,STORJUSDT,0,NONE,G1,G3,21.8904,BULLISH,28.8,20214618,0.139226,3362983.84990739,0,,,BLOQUEADO -- G3: mcap acima do limite,20260515_1913,
2026-05-15 19:45:07,ARTYUSDT,0,NONE,G1|G2,G4,2.0732,BULLISH,26.44,0,0.0771,79918.50576123,0,,,bloqueado G4,20260515_1945,
2026-05-15 19:45:08,ELIZAOSUSDT,0,NONE,G1|G2,G4,3.2951,BULLISH,14.95,0,0.000994,15529411.231333541,0,,,bloqueado G4,20260515_1945,
2026-05-15 19:45:08,PPKASUSDT,0,NONE,G1|G2,G4,5.8105,BULLISH,183.93,0,0.00032845,170751960.07589042,0,,,bloqueado G4,20260515_1945,
2026-05-15 19:45:09,PONKEUSDT,0,NONE,G1|G2,G4,7.2801,BULLISH,8.11,0,0.036993,1132574.97118573,0,,,bloqueado G4,20260515_1945,
2026-05-15 19:45:09,THORUSDT,0,NONE,G1|G2,G4,7.5791,BEARISH,-25.6,0,0.034064,580917.51101522,0,,,bloqueado G4,20260515_1945,
2026-05-15 19:45:09,OORTUSDT,0,NONE,G1|G2,G4,3.465,BEARISH,-28,0,0.009189,660540.42006861,0,,,bloqueado G4,20260515_1945,
2026-05-15 19:45:09,ARCUSDT,0,NONE,G1|G2,G4,5.3951,BULLISH,22.38,0,0.073867,753668.74499122,0,,,bloqueado G4,20260515_1945,
2026-05-15 19:45:10,ROUTEUSDT,0,NONE,G1|G2,G4,2.9156,BULLISH,31.01,0,0.001728,6106755.95966814,0,,,bloqueado G4,20260515_1945,
2026-05-15 19:45:10,STORJUSDT,85,MOMENTUM,G1|G2|G3|G4|G6,,22.0812,BULLISH,28.3,19955916,0.139742,3392294.64525614,4.47,0.3,0.9,MOMENTUM score=85 gates=G1;G2;G3;G4;G6,20260515_1945,
2026-05-16 11:16:04,TRMPUSDT,0,NONE,G1|G2,G4,2.6792,NEUTRAL,3.22,0,1.151E-06,11884348093.751835,0,,,bloqueado G4,20260516_1116,
2026-05-16 11:16:04,L3USDT,0,NONE,G1|G2,G4,3.5757,NEUTRAL,1.72,0,0.01122,676091.91737466,0,,,bloqueado G4,20260516_1116,
2026-05-16 11:16:05,SCPUSDT,0,NONE,G1|G2,G4,3.6522,BULLISH,99.75,0,0.032309,399158.08050001,0,,,bloqueado G4,20260516_1116,
2026-05-16 11:16:05,STORJUSDT,0,NONE,G1|G2,G4,2.4723,NEUTRAL,-7.62,0,0.121303,3145417.40135522,0,,,bloqueado G4,20260516_1116,
2026-05-16 11:16:05,DAGUSDT,0,NONE,G1|G2,G4,2.55,BEARISH,-11.44,0,0.017162,566374.42906338,0,,,bloqueado G4,20260516_1116,
2026-05-16 11:16:06,KANGOUSDT,0,NONE,G1|G2,G4,2.0621,BULLISH,24.83,0,1.6239E-06,16987473584.548454,0,,,bloqueado G4,20260516_1116,
2026-05-16 11:16:06,CLOUSDT,0,NONE,G1|G2,G4,2.0453,BEARISH,-27.96,0,0.0822,68865.41761786,0,,,bloqueado G4,20260516_1116,
2026-05-16 11:16:06,ARCUSDT,0,NONE,G1|G2,G4,2.3187,NEUTRAL,2.59,0,0.075587,782712.94693605,0,,,bloqueado G4,20260516_1116,
2026-05-16 11:16:06,ARRRUSDT,0,NONE,G1|G2,G4,2.4878999999999998,BULLISH,15.93,0,0.2365,90218.89733721,0,,,bloqueado G4,20260516_1116,
2026-05-16 11:32:38,TRMPUSDT,0,NONE,G1|G2,G4,2.6833,NEUTRAL,2.48,0,1.1427E-06,11902437950.655745,0,,,bloqueado G4,20260516_1132,
2026-05-16 11:32:38,L3USDT,0,NONE,G1|G2,G4,3.6661,NEUTRAL,3.27,0,0.011352,693174.28250199,0,,,bloqueado G4,20260516_1132,
2026-05-16 11:32:39,SCPUSDT,0,NONE,G1|G2,G4,3.7106,BULLISH,87.36,0,0.030155,405536.74301077,0,,,bloqueado G4,20260516_1132,
2026-05-16 11:32:39,STORJUSDT,0,NONE,G1|G2,G4,2.4981,NEUTRAL,-7.47,0,0.121684,3178274.64300779,0,,,bloqueado G4,20260516_1132,
2026-05-16 11:32:39,DAGUSDT,0,NONE,G1|G2,G4,2.5588,BEARISH,-10.71,0,0.017302,568326.410519,0,,,bloqueado G4,20260516_1132,
2026-05-16 11:32:39,KANGOUSDT,0,NONE,G1|G2,G4,2.1078,BULLISH,9.55,0,1.4252E-06,17363895531.883686,0,,,bloqueado G4,20260516_1132,
2026-05-16 11:32:40,CLOUSDT,0,NONE,G1|G2,G4,2.0999,BEARISH,-27.78,0,0.0824,70703.48560244,0,,,bloqueado G4,20260516_1132,
2026-05-16 11:32:40,ARCUSDT,0,NONE,G1|G2,G4,2.3236,NEUTRAL,2.95,0,0.075851,784348.30310946,0,,,bloqueado G4,20260516_1132,
2026-05-16 11:32:40,ARRRUSDT,0,NONE,G1|G2,G4,2.4934,BULLISH,16.96,0,0.2386,90415.95981771,0,,,bloqueado G4,20260516_1132,
2026-05-16 11:40:55,TRMPUSDT,0,NONE,G1|G2,G4,2.6918,NEUTRAL,2.48,0,1.1427E-06,11940367566.040359,0,,,bloqueado G4,20260516_1140,
2026-05-16 11:40:55,L3USDT,0,NONE,G1|G2,G4,3.6729,NEUTRAL,2.48,0,0.011298,694455.40889275,0,,,bloqueado G4,20260516_1140,
2026-05-16 11:40:55,SCPUSDT,0,NONE,G1|G2,G4,3.7268,BULLISH,83.78,0,0.02958,407304.87089333,0,,,bloqueado G4,20260516_1140,
2026-05-16 11:40:56,STORJUSDT,0,NONE,G1|G2,G4,2.4986,NEUTRAL,-8.15,0,0.120782,3178851.04300779,0,,,bloqueado G4,20260516_1140,
2026-05-16 11:40:56,DAGUSDT,0,NONE,G1|G2,G4,2.5633,BEARISH,-10.25,0,0.017405,569331.15764119,0,,,bloqueado G4,20260516_1140,
2026-05-16 11:40:56,KANGOUSDT,0,NONE,G1|G2,G4,2.1431,BULLISH,5.2,0,1.4008E-06,17654718205.215282,0,,,bloqueado G4,20260516_1140,
2026-05-16 11:40:57,CLOUSDT,0,NONE,G1|G2,G4,2.1316,BEARISH,-27.96,0,0.0823,71772.757725,0,,,bloqueado G4,20260516_1140,
2026-05-16 11:40:57,ARCUSDT,0,NONE,G1|G2,G4,2.3273,NEUTRAL,2.84,0,0.075774,785601.16695703,0,,,bloqueado G4,20260516_1140,
2026-05-16 11:40:57,ARRRUSDT,0,NONE,G1|G2,G4,2.496,BULLISH,16.91,0,0.2385,90512.4598177,0,,,bloqueado G4,20260516_1140,
2026-05-16 11:42:15,TRMPUSDT,0,NONE,G1|G2,G4,2.6921,NEUTRAL,2.48,0,1.1427E-06,11941477566.040359,0,,,bloqueado G4,20260516_1142,
2026-05-16 11:42:16,L3USDT,0,NONE,G1|G2,G4,3.6735,NEUTRAL,2.77,0,0.011306,694572.27944821,0,,,bloqueado G4,20260516_1142,
2026-05-16 11:42:16,SCPUSDT,0,NONE,G1|G2,G4,3.7273,BULLISH,81.98,0,0.029289,407363.37089333,0,,,bloqueado G4,20260516_1142,
2026-05-16 11:42:16,STORJUSDT,0,NONE,G1|G2,G4,2.4987,NEUTRAL,-8.1,0,0.120853,3178942.34300779,0,,,bloqueado G4,20260516_1142,
2026-05-16 11:42:17,DAGUSDT,0,NONE,G1|G2,G4,2.5648,BEARISH,-10.12,0,0.017416,569658.12379878,0,,,bloqueado G4,20260516_1142,
2026-05-16 11:42:17,KANGOUSDT,0,NONE,G1|G2,G4,2.1435,BULLISH,7.73,0,1.4014E-06,17658057963.593681,0,,,bloqueado G4,20260516_1142,
2026-05-16 11:42:17,CLOUSDT,0,NONE,G1|G2,G4,2.1472,BEARISH,-27.96,0,0.0822,72295.354169,0,,,bloqueado G4,20260516_1142,
2026-05-16 11:42:18,ARCUSDT,0,NONE,G1|G2,G4,2.3297,NEUTRAL,2.34,0,0.075407,786414.70688268,0,,,bloqueado G4,20260516_1142,
2026-05-16 11:42:18,ARRRUSDT,0,NONE,G1|G2,G4,2.4962,BULLISH,16.91,0,0.2385,90518.3098177,0,,,bloqueado G4,20260516_1142,
2026-05-16 11:46:18,TRMPUSDT,0,NONE,G1|G2,G4,2.6931,NEUTRAL,2.48,0,1.1427E-06,11946157566.040359,0,,,bloqueado G4,20260516_1146,
2026-05-16 11:46:19,L3USDT,0,NONE,G1|G2,G4,3.6765,NEUTRAL,3.12,0,0.011346,695141.60269189,0,,,bloqueado G4,20260516_1146,
2026-05-16 11:46:19,SCPUSDT,0,NONE,G1|G2,G4,3.7547,BULLISH,83.65,0,0.029558,410354.57162964,0,,,bloqueado G4,20260516_1146,
2026-05-16 11:46:20,STORJUSDT,0,NONE,G1|G2,G4,2.4989,NEUTRAL,-9.06,0,0.120001,3179219.24300779,0,,,bloqueado G4,20260516_1146,
2026-05-16 11:46:20,DAGUSDT,0,NONE,G1|G2,G4,2.5673,NEUTRAL,-9.98,0,0.017444,570207.89349817,0,,,bloqueado G4,20260516_1146,
2026-05-16 11:46:21,KANGOUSDT,0,NONE,G1|G2,G4,2.1464,BULLISH,8.76,0,1.4149E-06,17682289826.115322,0,,,bloqueado G4,20260516_1146,
2026-05-16 11:46:21,CLOUSDT,0,NONE,G1|G2,G4,2.1486,BEARISH,-28.4,0,0.0817,72342.454169,0,,,bloqueado G4,20260516_1146,
2026-05-16 11:46:21,ARCUSDT,0,NONE,G1|G2,G4,2.33,NEUTRAL,2.08,0,0.075218,786504.70688268,0,,,bloqueado G4,20260516_1146,
2026-05-16 11:46:22,ARRRUSDT,0,NONE,G1|G2,G4,2.4968,BULLISH,16.96,0,0.2386,90541.0098177,0,,,bloqueado G4,20260516_1146,
2026-05-16 11:48:15,TRMPUSDT,0,NONE,G1|G2,G4,2.6936,NEUTRAL,2.48,0,1.1427E-06,11948437566.040359,0,,,bloqueado G4,20260516_1148,
2026-05-16 11:48:15,L3USDT,0,NONE,G1|G2,G4,3.6789,NEUTRAL,3.41,0,0.011368,695589.70711223,0,,,bloqueado G4,20260516_1148,
2026-05-16 11:48:16,SCPUSDT,0,NONE,G1|G2,G4,3.7566,BULLISH,83.47,0,0.02953,410569.34498908,0,,,bloqueado G4,20260516_1148,
2026-05-16 11:48:16,STORJUSDT,0,NONE,G1|G2,G4,2.499,NEUTRAL,-8.45,0,0.120394,3179356.14300779,0,,,bloqueado G4,20260516_1148,
2026-05-16 11:48:16,DAGUSDT,0,NONE,G1|G2,G4,2.5682,BEARISH,-10.06,0,0.017429,570413.81050297,0,,,bloqueado G4,20260516_1148,
2026-05-16 11:48:17,KANGOUSDT,0,NONE,G1|G2,G4,2.1481,BULLISH,8.65,0,1.4134E-06,17696015527.874046,0,,,bloqueado G4,20260516_1148,
2026-05-16 11:48:17,CLOUSDT,0,NONE,G1|G2,G4,2.1493,BEARISH,-28.4,0,0.0817,72366.154169,0,,,bloqueado G4,20260516_1148,
2026-05-16 11:48:17,ARCUSDT,0,NONE,G1|G2,G4,2.3325,NEUTRAL,1.83,0,0.075029,787348.30688268,0,,,bloqueado G4,20260516_1148,
2026-05-16 11:48:17,ARRRUSDT,0,NONE,G1|G2,G4,2.4971,BULLISH,16.96,0,0.2386,90552.2598177,0,,,bloqueado G4,20260516_1148,
2026-05-16 11:55:02,TRMPUSDT,0,NONE,G1|G2,G4,2.6955,NEUTRAL,2.48,0,1.1427E-06,11956477566.040359,0,,,bloqueado G4,20260516_1155,
2026-05-16 11:55:05,L3USDT,0,NONE,G1|G2,G4,3.6836,NEUTRAL,3.64,0,0.011383,696489.30486049,0,,,bloqueado G4,20260516_1155,
2026-05-16 11:55:06,SCPUSDT,0,NONE,G1|G2,G4,3.7602,BULLISH,83.13,0,0.029462,410958.45219819,0,,,bloqueado G4,20260516_1155,
2026-05-16 11:55:07,STORJUSDT,0,NONE,G1|G2,G4,2.5008,NEUTRAL,-7.91,0,0.1211,3181675.32981768,0,,,bloqueado G4,20260516_1155,
2026-05-16 11:55:07,DAGUSDT,0,NONE,G1|G2,G4,2.5711,BEARISH,-10.24,0,0.017386,571054.69764825,0,,,bloqueado G4,20260516_1155,
2026-05-16 11:55:08,KANGOUSDT,0,NONE,G1|G2,G4,2.1492,BULLISH,8.22,0,1.4078E-06,17704913733.949844,0,,,bloqueado G4,20260516_1155,
2026-05-16 11:55:09,CLOUSDT,0,NONE,G1|G2,G4,2.1517,BEARISH,-28.92,0,0.0811,72446.954169,0,,,bloqueado G4,20260516_1155,
2026-05-16 11:55:10,ARCUSDT,0,NONE,G1|G2,G4,2.3381,NEUTRAL,0.56,0,0.074093,789255.99594059,0,,,bloqueado G4,20260516_1155,
2026-05-16 11:55:10,ARRRUSDT,0,NONE,G1|G2,G4,2.4982,BULLISH,16.81,0,0.2383,90592.0098177,0,,,bloqueado G4,20260516_1155,
2026-05-16 11:59:03,TRMPUSDT,0,NONE,G1|G2,G4,2.7147,NEUTRAL,4.6,0,1.1664E-06,12042001454.946835,0,,,bloqueado G4,20260516_1159,
2026-05-16 11:59:04,L3USDT,0,NONE,G1|G2,G4,3.6865,NEUTRAL,3.27,0,0.011344,697038.38127155,0,,,bloqueado G4,20260516_1159,
2026-05-16 11:59:05,SCPUSDT,0,NONE,G1|G2,G4,3.7633,BULLISH,82.91,0,0.029431,411296.51857192,0,,,bloqueado G4,20260516_1159,
2026-05-16 11:59:05,STORJUSDT,0,NONE,G1|G2,G4,2.501,NEUTRAL,-8.08,0,0.120881,3181952.12981768,0,,,bloqueado G4,20260516_1159,
2026-05-16 11:59:06,DAGUSDT,0,NONE,G1|G2,G4,2.5746,BEARISH,-10.53,0,0.017337,571824.85149472,0,,,bloqueado G4,20260516_1159,
2026-05-16 11:59:06,KANGOUSDT,0,NONE,G1|G2,G4,2.2037,NEUTRAL,-7.76,0,1.1E-06,18154602996.249153,0,,,bloqueado G4,20260516_1159,
2026-05-16 11:59:07,CLOUSDT,0,NONE,G1|G2,G4,2.153,BEARISH,-29.01,0,0.081,72492.654169,0,,,bloqueado G4,20260516_1159,
2026-05-16 11:59:07,ARCUSDT,0,NONE,G1|G2,G4,2.3408,NEUTRAL,0.3,0,0.0739,790167.40391355,0,,,bloqueado G4,20260516_1159,
2026-05-16 11:59:08,ARRRUSDT,0,NONE,G1|G2,G4,2.5037,BULLISH,16.52,0,0.2377,90790.3698176,0,,,bloqueado G4,20260516_1159,
2026-05-16 12:43:15,TRMPUSDT,0,NONE,G1|G2,G4,2.7843,BULLISH,5.09,0,1.17E-06,12350479117.656843,0,,,bloqueado G4,20260516_1243,
2026-05-16 12:43:15,L3USDT,0,NONE,G1|G2,G4,3.7823,NEUTRAL,0.94,0,0.011096,715138.22360657,0,,,bloqueado G4,20260516_1243,
2026-05-16 12:43:15,RAVEUSDT,0,NONE,G1|G2,G4,2.0782,NEUTRAL,-5.69,0,0.5879,70277.11638078,0,,,bloqueado G4,20260516_1243,
2026-05-16 12:43:15,SCPUSDT,0,NONE,G1|G2,G4,3.8385,BULLISH,88.79,0,0.030395,419518.90185313,0,,,bloqueado G4,20260516_1243,
2026-05-16 12:43:16,STORJUSDT,0,NONE,G1|G2,G4,2.5034,NEUTRAL,-7.6,0,0.121514,3184991.82981768,0,,,bloqueado G4,20260516_1243,
2026-05-16 12:43:16,DAGUSDT,0,NONE,G1|G2,G4,2.5967,BEARISH,-10.63,0,0.017318,576733.85149472,0,,,bloqueado G4,20260516_1243,
2026-05-16 12:43:16,KANGOUSDT,0,NONE,G1|G2,G4,2.6111,NEUTRAL,-9.62,0,1.1758E-06,21510391950.88343,0,,,bloqueado G4,20260516_1243,
2026-05-16 12:43:17,CLOUSDT,0,NONE,G1|G2,G4,2.2137,BEARISH,-27.78,0,0.0824,74534.81483731,0,,,bloqueado G4,20260516_1243,
2026-05-16 12:43:17,ARCUSDT,0,NONE,G1|G2,G4,2.4808,NEUTRAL,-0.33,0,0.07344,837426.2418926,0,,,bloqueado G4,20260516_1243,
2026-05-16 12:43:17,BDCUSDT,0,NONE,G1|G2,G4,2.0252,NEUTRAL,-6.48,0,0.002253,2009285.82642084,0,,,bloqueado G4,20260516_1243,
2026-05-16 12:43:17,ARRRUSDT,0,NONE,G1|G2,G4,2.7293,BULLISH,18.58,0,0.2419,98971.09647085,0,,,bloqueado G4,20260516_1243,
2026-05-16 12:50:46,TRMPUSDT,0,NONE,G1|G2,G4,2.7863,NEUTRAL,4.42,0,1.1644E-06,12359300967.341862,0,,,bloqueado G4,20260516_1250,
2026-05-16 12:50:47,L3USDT,0,NONE,G1|G2,G4,3.8385,NEUTRAL,2.67,0,0.011328,725766.81871368,0,,,bloqueado G4,20260516_1250,
2026-05-16 12:50:48,RAVEUSDT,0,NONE,G1|G2,G4,2.0801,NEUTRAL,-5.66,0,0.5881,70339.39638078,0,,,bloqueado G4,20260516_1250,
2026-05-16 12:50:48,SCPUSDT,0,NONE,G1|G2,G4,3.8435,BULLISH,89.29,0,0.030477,420065.61191403,0,,,bloqueado G4,20260516_1250,
2026-05-16 12:50:49,STORJUSDT,0,NONE,G1|G2,G4,2.5038,NEUTRAL,-6.66,0,0.12268,3185506.72981768,0,,,bloqueado G4,20260516_1250,
2026-05-16 12:50:50,DAGUSDT,0,NONE,G1|G2,G4,2.6007,BEARISH,-10.49,0,0.017345,577636.85149472,0,,,bloqueado G4,20260516_1250,
2026-05-16 12:50:50,KANGOUSDT,0,NONE,G1|G2,G4,2.6313,BEARISH,-11.25,0,1.1546E-06,21676735999.483681,0,,,bloqueado G4,20260516_1250,
2026-05-16 12:50:51,CLOUSDT,0,NONE,G1|G2,G4,2.2168,BEARISH,-27.26,0,0.083,74641.45891297,0,,,bloqueado G4,20260516_1250,
2026-05-16 12:50:56,ARCUSDT,0,NONE,G1|G2,G4,2.4935,NEUTRAL,-0.82,0,0.073074,841706.69030826,0,,,bloqueado G4,20260516_1250,
2026-05-16 12:50:57,BDCUSDT,0,NONE,G1|G2,G4,2.0297,NEUTRAL,-6.48,0,0.002253,2013810.82642084,0,,,bloqueado G4,20260516_1250,
2026-05-16 12:50:57,ARRRUSDT,0,NONE,G1|G2,G4,2.7321,BULLISH,18.48,0,0.2417,99072.94910024,0,,,bloqueado G4,20260516_1250,
2026-05-16 13:16:18,TRMPUSDT,0,NONE,G1|G2,G4,2.8016,NEUTRAL,3.47,0,1.1538E-06,12427387292.202047,0,,,bloqueado G4,20260516_1316,
2026-05-16 13:16:18,L3USDT,0,NONE,G1|G2,G4,3.8702,NEUTRAL,3.03,0,0.011326,731775.86041782,0,,,bloqueado G4,20260516_1316,
2026-05-16 13:16:19,RAVEUSDT,0,NONE,G1|G2,G4,2.0925,NEUTRAL,-4.6,0,0.5947,70760.27870485,0,,,bloqueado G4,20260516_1316,
2026-05-16 13:16:19,SCPUSDT,0,NONE,G1|G2,G4,3.8728,BULLISH,91.72,0,0.030857,423268.75658474,0,,,bloqueado G4,20260516_1316,
2026-05-16 13:16:20,STORJUSDT,0,NONE,G1|G2,G4,2.5199,NEUTRAL,-6.1,0,0.123453,3205974.55693444,0,,,bloqueado G4,20260516_1316,
2026-05-16 13:16:20,DAGUSDT,0,NONE,G1|G2,G4,2.6137,BEARISH,-10.57,0,0.017329,580504.85149472,0,,,bloqueado G4,20260516_1316,
2026-05-16 13:16:21,KANGOUSDT,0,NONE,G1|G2,G4,2.7197,NEUTRAL,-7.88,0,1.1984E-06,22405106472.275517,0,,,bloqueado G4,20260516_1316,
2026-05-16 13:16:22,CLOUSDT,0,NONE,G1|G2,G4,2.2696,BEARISH,-27.34,0,0.0829,76419.10943606,0,,,bloqueado G4,20260516_1316,
2026-05-16 13:16:23,ARCUSDT,0,NONE,G1|G2,G4,2.5612,NEUTRAL,-5.43,0,0.069677,864544.5388895,0,,,bloqueado G4,20260516_1316,
2026-05-16 13:16:23,BDCUSDT,0,NONE,G1|G2,G4,2.0442,NEUTRAL,-6.52,0,0.002252,2028120.82642084,0,,,bloqueado G4,20260516_1316,
2026-05-16 13:16:23,ARRRUSDT,0,NONE,G1|G2,G4,2.737,BULLISH,18.14,0,0.241,99250.67125223,0,,,bloqueado G4,20260516_1316,
2026-05-16 13:38:58,TRMPUSDT,0,NONE,G1|G2,G4,2.8799,BULLISH,5.04,0,1.17E-06,12774508096.915071,0,,,bloqueado G4,20260516_1338,
2026-05-16 13:38:58,L3USDT,0,NONE,G1|G2,G4,3.8836,NEUTRAL,3.16,0,0.011378,734304.86041782,0,,,bloqueado G4,20260516_1338,
2026-05-16 13:38:59,RAVEUSDT,0,NONE,G1|G2,G4,2.096,NEUTRAL,-3.91,0,0.599,70876.72217709,0,,,bloqueado G4,20260516_1338,
2026-05-16 13:39:02,SCPUSDT,0,NONE,G1|G2,G4,3.9175,BULLISH,103.21,0,0.03332,428152.00511852,0,,,bloqueado G4,20260516_1338,
2026-05-16 13:39:03,STORJUSDT,0,NONE,G1|G2,G4,2.5211,NEUTRAL,-7.38,0,0.121805,3207534.85693444,0,,,bloqueado G4,20260516_1338,
2026-05-16 13:39:04,DAGUSDT,0,NONE,G1|G2,G4,2.6255,BEARISH,-10.63,0,0.017318,583129.85149472,0,,,bloqueado G4,20260516_1338,
2026-05-16 13:39:04,KANGOUSDT,0,NONE,G1|G2,G4,2.7381,NEUTRAL,-6.28,0,1.2192E-06,22556657201.750332,0,,,bloqueado G4,20260516_1338,
2026-05-16 13:39:05,CLOUSDT,0,NONE,G1|G2,G4,2.2924,BEARISH,-26.91,0,0.0834,77186.83733564,0,,,bloqueado G4,20260516_1338,
2026-05-16 13:39:06,ARCUSDT,0,NONE,G1|G2,G4,2.735,BEARISH,-15.14,0,0.062841,923239.15619663,0,,,bloqueado G4,20260516_1338,
2026-05-16 13:39:06,BDCUSDT,0,NONE,G1|G2,G4,2.0576,NEUTRAL,-6.52,0,0.002252,2041425.82642084,0,,,bloqueado G4,20260516_1338,
2026-05-16 13:39:07,ARRRUSDT,0,NONE,G1|G2,G4,2.7463,BULLISH,18.38,0,0.2415,99588.250072,0,,,bloqueado G4,20260516_1338,
2026-05-16 13:51:04,TRMPUSDT,0,NONE,G1|G2,G4,2.8931,BULLISH,6.42,0,1.1867E-06,12833259630.448935,0,,,bloqueado G4,20260516_1351,
2026-05-16 13:51:05,L3USDT,0,NONE,G1|G2,G4,3.8916,NEUTRAL,3.52,0,0.01138,735810.86041782,0,,,bloqueado G4,20260516_1351,
2026-05-16 13:51:05,RAVEUSDT,0,NONE,G1|G2,G4,2.1071,NEUTRAL,-2.71,0,0.6065,71252.81202205,0,,,bloqueado G4,20260516_1351,
2026-05-16 13:51:05,SCPUSDT,0,NONE,G1|G2,G4,3.9371,BULLISH,105.09,0,0.03301,430292.03793938,0,,,bloqueado G4,20260516_1351,
2026-05-16 13:51:06,STORJUSDT,0,NONE,G1|G2,G4,2.5218,NEUTRAL,-7.25,0,0.121972,3208366.05693444,0,,,bloqueado G4,20260516_1351,
2026-05-16 13:51:06,DAGUSDT,0,NONE,G1|G2,G4,2.6329,BEARISH,-10.59,0,0.017321,584781.7307925,0,,,bloqueado G4,20260516_1351,
2026-05-16 13:51:07,KANGOUSDT,0,NONE,G1|G2,G4,2.7861,NEUTRAL,-6.29,0,1.2191E-06,22951851715.601009,0,,,bloqueado G4,20260516_1351,
2026-05-16 13:51:07,CLOUSDT,0,NONE,G1|G2,G4,2.2965,BEARISH,-26.64,0,0.0837,77325.03733564,0,,,bloqueado G4,20260516_1351,
2026-05-16 13:51:08,ARCUSDT,0,NONE,G1|G2,G4,3.0126,BEARISH,-17.66,0,0.060367,1016935.51166721,0,,,bloqueado G4,20260516_1351,
2026-05-16 13:51:08,BDCUSDT,0,NONE,G1|G2,G4,2.0645,NEUTRAL,-6.48,0,0.002253,2048320.82642084,0,,,bloqueado G4,20260516_1351,
2026-05-16 13:51:08,ARRRUSDT,0,NONE,G1|G2,G4,2.7482,BULLISH,18.38,0,0.2415,99656.750072,0,,,bloqueado G4,20260516_1351,
2026-05-16 14:11:50,TRMPUSDT,0,NONE,G1|G2,G4,2.9154,BULLISH,7.39,0,1.1963E-06,12932049646.817074,0,,,bloqueado G4,20260516_1411,
2026-05-16 14:11:51,L3USDT,0,NONE,G1|G2,G4,3.9037,NEUTRAL,3.15,0,0.011214,738102.86041782,0,,,bloqueado G4,20260516_1411,
2026-05-16 14:11:51,RAVEUSDT,0,NONE,G1|G2,G4,2.1516,NEUTRAL,-1.6,0,0.6132,72756.3508045,0,,,bloqueado G4,20260516_1411,
2026-05-16 14:11:51,SCPUSDT,0,NONE,G1|G2,G4,3.9572,BULLISH,105.13,0,0.032689,432495.12865615,0,,,bloqueado G4,20260516_1411,
2026-05-16 14:11:51,STORJUSDT,0,NONE,G1|G2,G4,2.5893,NEUTRAL,-7.13,0,0.122116,3294271.89570487,0,,,bloqueado G4,20260516_1411,
2026-05-16 14:11:52,DAGUSDT,0,NONE,G1|G2,G4,2.6466,BEARISH,-10.36,0,0.017377,587823.633313,0,,,bloqueado G4,20260516_1411,
2026-05-16 14:11:53,KANGOUSDT,0,NONE,G1|G2,G4,2.8318,NEUTRAL,-6.3,0,1.219E-06,23328424330.858021,0,,,bloqueado G4,20260516_1411,
2026-05-16 14:11:53,CLOUSDT,0,NONE,G1|G2,G4,2.3037,BEARISH,-26.82,0,0.0835,77566.93733564,0,,,bloqueado G4,20260516_1411,
2026-05-16 14:11:53,ARCUSDT,0,NONE,G1|G2,G4,3.3934,BEARISH,-12.54,0,0.064438,1145468.64323411,0,,,bloqueado G4,20260516_1411,
2026-05-16 14:11:53,BDCUSDT,0,NONE,G1|G2,G4,2.0812,NEUTRAL,-6.48,0,0.002253,2064834.16202667,0,,,bloqueado G4,20260516_1411,
2026-05-16 14:11:54,ARRRUSDT,0,NONE,G1|G2,G4,2.755,BULLISH,18.53,0,0.2418,99903.0874925,0,,,bloqueado G4,20260516_1411,
2026-05-16 14:30:15,TRMPUSDT,0,NONE,G1|G2,G4,3.4649,BULLISH,8.48,0,1.2118E-06,15369347183.031437,0,,,bloqueado G4,20260516_1430,
2026-05-16 14:30:16,L3USDT,0,NONE,G1|G2,G4,3.9859,NEUTRAL,2.29,0,0.011245,753640.55838292,0,,,bloqueado G4,20260516_1430,
2026-05-16 14:30:16,RAVEUSDT,0,NONE,G1|G2,G4,2.3202,NEUTRAL,-3.77,0,0.5999,78457.62354778,0,,,bloqueado G4,20260516_1430,
2026-05-16 14:30:16,BOBOUSDT,0,NONE,G1|G2,G4,2.0252,NEUTRAL,-5.97,0,0.014039,352172.18723972,0,,,bloqueado G4,20260516_1430,
2026-05-16 14:30:17,SCPUSDT,0,NONE,G1|G2,G4,3.9916,BULLISH,100.15,0,0.032214,436252.68129622,0,,,bloqueado G4,20260516_1430,
2026-05-16 14:30:17,STORJUSDT,0,NONE,G1|G2,G4,2.6061,NEUTRAL,-8.27,0,0.120579,3315660.58245472,0,,,bloqueado G4,20260516_1430,
2026-05-16 14:30:18,DAGUSDT,0,NONE,G1|G2,G4,2.6581,BEARISH,-10.95,0,0.017257,590381.99389545,0,,,bloqueado G4,20260516_1430,
2026-05-16 14:30:18,KANGOUSDT,0,NONE,G1|G2,G4,2.844,NEUTRAL,-9.96,0,1.1713E-06,23429507256.488396,0,,,bloqueado G4,20260516_1430,
2026-05-16 14:30:18,CLOUSDT,0,NONE,G1|G2,G4,2.3249,BEARISH,-27.96,0,0.0822,78278.93733564,0,,,bloqueado G4,20260516_1430,
2026-05-16 14:30:19,ARCUSDT,0,NONE,G1|G2,G4,3.5497,BEARISH,-15.26,0,0.062437,1198220.34171456,0,,,bloqueado G4,20260516_1430,
2026-05-16 14:30:19,BDCUSDT,0,NONE,G1|G2,G4,2.0914,NEUTRAL,-6.48,0,0.002253,2075039.16202667,0,,,bloqueado G4,20260516_1430,
2026-05-16 14:30:19,ARRRUSDT,0,NONE,G1|G2,G4,2.7588,BULLISH,18.19,0,0.2411,100041.0351516,0,,,bloqueado G4,20260516_1430,
2026-05-16 14:48:49,TRMPUSDT,0,NONE,G1|G2,G4,3.475,BULLISH,7.86,0,1.2028E-06,15414438506.77636,0,,,bloqueado G4,20260516_1448,
2026-05-16 14:48:50,L3USDT,0,NONE,G1|G2,G4,3.9986,NEUTRAL,0.64,0,0.011063,756037.07266944,0,,,bloqueado G4,20260516_1448,
2026-05-16 14:48:50,RAVEUSDT,0,NONE,G1|G2,G4,2.3497,NEUTRAL,-3,0,0.605,79457.37079729,0,,,bloqueado G4,20260516_1448,
2026-05-16 14:48:50,BOBOUSDT,0,NONE,G1|G2,G4,2.0372,NEUTRAL,-5.97,0,0.014039,354260.18723972,0,,,bloqueado G4,20260516_1448,
2026-05-16 14:48:51,SCPUSDT,0,NONE,G1|G2,G4,4.0016,BULLISH,100.15,0,0.032214,437340.68129622,0,,,bloqueado G4,20260516_1448,
2026-05-16 14:48:51,STORJUSDT,0,NONE,G1|G2,G4,2.6079,NEUTRAL,-8.94,0,0.119756,3317986.12379942,0,,,bloqueado G4,20260516_1448,
2026-05-16 14:48:51,DAGUSDT,0,NONE,G1|G2,G4,2.6691,BEARISH,-10.63,0,0.017303,592827.85829485,0,,,bloqueado G4,20260516_1448,
2026-05-16 14:48:51,KANGOUSDT,0,NONE,G1|G2,G4,2.8538,BEARISH,-11.77,0,1.1478E-06,23509505608.006432,0,,,bloqueado G4,20260516_1448,
2026-05-16 14:48:52,CLOUSDT,0,NONE,G1|G2,G4,2.3612,BEARISH,-28.57,0,0.0815,79500.8344312,0,,,bloqueado G4,20260516_1448,
2026-05-16 14:48:52,ARCUSDT,0,NONE,G1|G2,G4,3.682,BEARISH,-13.98,0,0.063381,1242884.25899131,0,,,bloqueado G4,20260516_1448,
2026-05-16 14:48:52,BDCUSDT,0,NONE,G1|G2,G4,2.1023,NEUTRAL,-6.52,0,0.002252,2085839.16202667,0,,,bloqueado G4,20260516_1448,
2026-05-16 14:48:53,ARRRUSDT,0,NONE,G1|G2,G4,2.7624,BULLISH,18.53,0,0.2404,100173.15411995,0,,,bloqueado G4,20260516_1448,
2026-05-16 16:41:00,TRMPUSDT,0,NONE,G1|G2,G4,3.7402,BULLISH,5.78,0,1.1796E-06,16590914276.067698,0,,,bloqueado G4,20260516_1641,
2026-05-16 16:41:00,L3USDT,0,NONE,G1|G2,G4,4.0927,NEUTRAL,0.91,0,0.011141,773833.82601973,0,,,bloqueado G4,20260516_1641,
2026-05-16 16:41:01,SWELLUSDT,0,NONE,G1|G2,G4,2.5998,BULLISH,38.34,0,0.001764,5772990.09615878,0,,,bloqueado G4,20260516_1641,
2026-05-16 16:41:01,RAVEUSDT,0,NONE,G1|G2,G4,2.6322,NEUTRAL,-3.29,0,0.6023,89009.9853556,0,,,bloqueado G4,20260516_1641,
2026-05-16 16:41:01,BOBOUSDT,0,NONE,G1|G2,G4,2.1656,NEUTRAL,-3.86,0,0.014354,376590.55684135,0,,,bloqueado G4,20260516_1641,
2026-05-16 16:41:01,SCPUSDT,0,NONE,G1|G2,G4,4.1602,BULLISH,98.91,0,0.032014,454675.45007091,0,,,bloqueado G4,20260516_1641,
2026-05-16 16:41:02,ORCAUSDT,0,NONE,G1|G2,G4,2.0559,NEUTRAL,2.93,0,1.5025,7131.9380713,0,,,bloqueado G4,20260516_1641,
2026-05-16 16:41:02,STORJUSDT,0,NONE,G1|G2,G4,2.7101,NEUTRAL,-8.18,0,0.120754,3447913.40624982,0,,,bloqueado G4,20260516_1641,
2026-05-16 16:41:02,DAGUSDT,0,NONE,G1|G2,G4,2.7284,BEARISH,-10.66,0,0.017313,605982.97493875,0,,,bloqueado G4,20260516_1641,
2026-05-16 16:41:03,KANGOUSDT,0,NONE,G1|G2,G4,3.0246,BEARISH,-14.51,0,1.1121E-06,24916532816.863377,0,,,bloqueado G4,20260516_1641,
2026-05-16 16:41:03,CLOUSDT,0,NONE,G1|G2,G4,2.5793,BEARISH,-28.05,0,0.0821,86847.04533083,0,,,bloqueado G4,20260516_1641,
2026-05-16 16:41:04,ARCUSDT,0,NONE,G1|G2,G4,3.9536,BEARISH,-15.67,0,0.062137,1334587.69667744,0,,,bloqueado G4,20260516_1641,
2026-05-16 16:41:04,BDCUSDT,0,NONE,G1|G2,G4,2.1671,NEUTRAL,-6.48,0,0.002253,2150134.16202667,0,,,bloqueado G4,20260516_1641,
2026-05-16 16:41:05,ARRRUSDT,0,NONE,G1|G2,G4,2.8158,BULLISH,14.75,0,0.2341,102106.43365561,0,,,bloqueado G4,20260516_1641,
2026-05-16 16:59:10,TRMPUSDT,0,NONE,G1|G2,G4,3.7451,BULLISH,5.78,0,1.1796E-06,16612604276.067698,0,,,bloqueado G4,20260516_1659,
2026-05-16 16:59:10,L3USDT,0,NONE,G1|G2,G4,4.176,NEUTRAL,0.29,0,0.011025,789585.34409988,0,,,bloqueado G4,20260516_1659,
2026-05-16 16:59:11,SWELLUSDT,0,NONE,G1|G2,G4,2.8486,BULLISH,38.91,0,0.001728,6325354.21818048,0,,,bloqueado G4,20260516_1659,
2026-05-16 16:59:11,RAVEUSDT,0,NONE,G1|G2,G4,2.6416,NEUTRAL,-3.29,0,0.6029,89326.17958345,0,,,bloqueado G4,20260516_1659,
2026-05-16 16:59:11,BOBOUSDT,0,NONE,G1|G2,G4,2.1774,NEUTRAL,-3.86,0,0.014354,378646.55684135,0,,,bloqueado G4,20260516_1659,
2026-05-16 16:59:12,SCPUSDT,0,NONE,G1|G2,G4,4.1934,BULLISH,105.24,0,0.033033,458305.05703409,0,,,bloqueado G4,20260516_1659,
2026-05-16 16:59:12,ORCAUSDT,0,NONE,G1|G2,G4,2.0619,NEUTRAL,3.37,0,1.5089,7152.5780713,0,,,bloqueado G4,20260516_1659,
2026-05-16 16:59:12,STORJUSDT,0,NONE,G1|G2,G4,2.711,NEUTRAL,-7.98,0,0.120992,3449160.60624982,0,,,bloqueado G4,20260516_1659,
2026-05-16 16:59:12,DAGUSDT,0,NONE,G1|G2,G4,2.7376,BEARISH,-10.7,0,0.017305,608041.97493875,0,,,bloqueado G4,20260516_1659,
2026-05-16 16:59:13,KANGOUSDT,0,NONE,G1|G2,G4,3.0276,BEARISH,-14.51,0,1.1121E-06,24941388156.214676,0,,,bloqueado G4,20260516_1659,
2026-05-16 16:59:13,CLOUSDT,0,NONE,G1|G2,G4,2.6456,BEARISH,-27.87,0,0.0823,89077.55446051,0,,,bloqueado G4,20260516_1659,
2026-05-16 16:59:13,ARCUSDT,0,NONE,G1|G2,G4,3.9632,BEARISH,-15.83,0,0.06202,1337823.19530899,0,,,bloqueado G4,20260516_1659,
2026-05-16 16:59:13,BDCUSDT,0,NONE,G1|G2,G4,2.1774,NEUTRAL,-6.52,0,0.002252,2160349.16202667,0,,,bloqueado G4,20260516_1659,
2026-05-16 16:59:14,ARRRUSDT,0,NONE,G1|G2,G4,2.8185,BULLISH,14.75,0,0.2341,102207.68365561,0,,,bloqueado G4,20260516_1659,
2026-05-17 10:44:04,DINGOUSDT,0,NONE,G1|G2,G4,2.109,BEARISH,-17.14,0,1.67948E-05,530840785.58018464,0,,,bloqueado G4,20260517_1044,
2026-05-17 10:44:06,SHICUSDT,0,NONE,G1|G2,G4,3.8082,BULLISH,23.43,0,3.2699E-06,5027080629.103178,0,,,bloqueado G4,20260517_1044,
2026-05-17 11:20:33,DINGOUSDT,0,NONE,G1|G2,G4,2.1337,BEARISH,-18.12,0,1.65974E-05,537062932.88654745,0,,,bloqueado G4,20260517_1120,
2026-05-17 11:20:33,SHICUSDT,0,NONE,G1|G2,G4,3.91,BULLISH,21.71,0,3.2241E-06,5161526027.3541336,0,,,bloqueado G4,20260517_1120,
2026-05-17 11:53:04,DINGOUSDT,0,NONE,G1|G2,G4,2.1447,BEARISH,-18.5,0,1.65651E-05,539835426.65751576,0,,,bloqueado G4,20260517_1153,
2026-05-17 11:53:05,SHICUSDT,0,NONE,G1|G2,G4,3.9387,BULLISH,23.83,0,3.2804E-06,5199313998.8132973,0,,,bloqueado G4,20260517_1153,
2026-05-17 12:26:21,DINGOUSDT,0,NONE,G1|G2,G4,2.1545,BEARISH,-17.68,0,1.66868E-05,542299603.65765643,0,,,bloqueado G4,20260517_1226,
2026-05-17 12:26:21,SHICUSDT,0,NONE,G1|G2,G4,4.0346,BULLISH,24.62,0,3.3013E-06,5325963628.1650763,0,,,bloqueado G4,20260517_1226,
2026-05-17 12:44:08,DINGOUSDT,0,NONE,G1|G2,G4,2.1691,BEARISH,-17.82,0,1.66574E-05,545980161.98955381,0,,,bloqueado G4,20260517_1244,
2026-05-17 12:44:08,SHICUSDT,0,NONE,G1|G2,G4,4.0463,BULLISH,25.78,0,3.3321E-06,5341453340.9991226,0,,,bloqueado G4,20260517_1244,
2026-05-17 13:01:43,DINGOUSDT,0,NONE,G1|G2,G4,2.1732,BEARISH,-17.82,0,1.66575E-05,547014161.98955381,0,,,bloqueado G4,20260517_1301,
2026-05-17 13:01:44,SHICUSDT,0,NONE,G1|G2,G4,4.0937,BULLISH,28.64,0,3.4077E-06,5403904908.3649836,0,,,bloqueado G4,20260517_1301,
2026-05-17 13:18:56,DINGOUSDT,0,NONE,G1|G2,G4,2.1845,BEARISH,-17.82,0,1.66574E-05,549837131.4328872,0,,,bloqueado G4,20260517_1318,
2026-05-17 13:18:57,SHICUSDT,0,NONE,G1|G2,G4,4.1122,BULLISH,24.53,0,3.2988E-06,5428337630.5229921,0,,,bloqueado G4,20260517_1318,
2026-05-17 13:36:07,DINGOUSDT,0,NONE,G1|G2,G4,2.1963,BEARISH,-18.45,0,1.65295E-05,552831019.62288713,0,,,bloqueado G4,20260517_1336,
2026-05-17 13:36:07,SHICUSDT,0,NONE,G1|G2,G4,4.1588,BULLISH,17.18,0,3.1041E-06,5489868985.3181314,0,,,bloqueado G4,20260517_1336,
2026-05-17 13:53:26,BOBUSDT,0,NONE,G1|G2,G4,2.0214,BULLISH,7.42,0,0.007326,1269098.94783826,0,,,bloqueado G4,20260517_1353,
2026-05-17 13:53:26,DINGOUSDT,0,NONE,G1|G2,G4,2.2002,BEARISH,-18.61,0,1.64984E-05,553802519.62288713,0,,,bloqueado G4,20260517_1353,
2026-05-17 13:53:27,SHICUSDT,0,NONE,G1|G2,G4,4.1824,BULLISH,17.04,0,3.1004E-06,5521007196.9890156,0,,,bloqueado G4,20260517_1353,
2026-05-17 14:11:17,BOBUSDT,0,NONE,G1|G2,G4,2.0345,BULLISH,7.42,0,0.007326,1277351.94783826,0,,,bloqueado G4,20260517_1411,
2026-05-17 14:11:17,DINGOUSDT,0,NONE,G1|G2,G4,2.2099,BEARISH,-17.78,0,1.66661E-05,556236776.78313887,0,,,bloqueado G4,20260517_1411,
2026-05-17 14:11:17,SHICUSDT,0,NONE,G1|G2,G4,4.1981,BULLISH,18.06,0,3.1276E-06,5541752022.777483,0,,,bloqueado G4,20260517_1411,
2026-05-17 14:28:35,BOBUSDT,0,NONE,G1|G2,G4,2.0676,BULLISH,14.38,0,0.007801,1298131.8352562,0,,,bloqueado G4,20260517_1428,
2026-05-17 14:28:36,DINGOUSDT,0,NONE,G1|G2,G4,2.214,BEARISH,-18.35,0,1.65501E-05,557277359.92647231,0,,,bloqueado G4,20260517_1428,
2026-05-17 14:28:36,EDENUSDT,0,NONE,G1|G2,G4,2.0498,BULLISH,69.72,0,0.065548,392355.69316073,0,,,bloqueado G4,20260517_1428,
2026-05-17 14:28:36,SHICUSDT,0,NONE,G1|G2,G4,4.212,BULLISH,19.22,0,3.1583E-06,5560096044.8348265,0,,,bloqueado G4,20260517_1428,
2026-05-17 14:46:15,BOBUSDT,0,NONE,G1|G2,G4,2.3544,BULLISH,19.88,0,0.008176,1478160.77990177,0,,,bloqueado G4,20260517_1446,
2026-05-17 14:46:15,DINGOUSDT,0,NONE,G1|G2,G4,2.2184,BEARISH,-18.35,0,1.65501E-05,558393369.12694883,0,,,bloqueado G4,20260517_1446,
2026-05-17 14:46:15,EDENUSDT,0,NONE,G1|G2,G4,2.1218,BULLISH,50.34,0,0.058063,406141.37759336,0,,,bloqueado G4,20260517_1446,
2026-05-17 14:46:16,SHICUSDT,0,NONE,G1|G2,G4,4.2266,BULLISH,18.03,0,3.1267E-06,5579431454.6674538,0,,,bloqueado G4,20260517_1446,
2026-05-17 15:04:02,BOBUSDT,0,NONE,G1|G2,G4,2.7502,BULLISH,12.8,0,0.007693,1726647.32229049,0,,,bloqueado G4,20260517_1504,
2026-05-17 15:04:02,DINGOUSDT,0,NONE,G1|G2,G4,2.228,BEARISH,-18.35,0,1.65501E-05,560793044.270132,0,,,bloqueado G4,20260517_1504,
2026-05-17 15:04:02,EDENUSDT,0,NONE,G1|G2,G4,2.2272,BULLISH,43.64,0,0.055477,426319.41238765,0,,,bloqueado G4,20260517_1504,
2026-05-17 15:04:03,SHICUSDT,0,NONE,G1|G2,G4,4.2384,BULLISH,18.03,0,3.1267E-06,5594931811.0193806,0,,,bloqueado G4,20260517_1504,
2026-05-17 15:22:04,BOBUSDT,0,NONE,G1|G2,G4,2.8047,BULLISH,14.16,0,0.007786,1760895.67538516,0,,,bloqueado G4,20260517_1522,
2026-05-17 15:22:04,DINGOUSDT,0,NONE,G1|G2,G4,2.2596,BEARISH,-18.35,0,1.65501E-05,568756903.40913069,0,,,bloqueado G4,20260517_1522,
2026-05-17 15:22:04,EDENUSDT,0,NONE,G1|G2,G4,2.2724,BULLISH,38.66,0,0.053553,434965.15804544,0,,,bloqueado G4,20260517_1522,
2026-05-17 15:22:04,SHICUSDT,0,NONE,G1|G2,G4,4.4661,BULLISH,6.19,0,2.8132E-06,5895495900.07588,0,,,bloqueado G4,20260517_1522,
2026-05-17 15:39:52,BOBUSDT,0,NONE,G1|G2,G4,2.8737,BULLISH,11.14,0,0.007625,1804207.11383437,0,,,bloqueado G4,20260517_1539,
2026-05-17 15:39:53,DINGOUSDT,0,NONE,G1|G2,G4,2.2658,BEARISH,-18.35,0,1.655E-05,570321731.203062,0,,,bloqueado G4,20260517_1539,
2026-05-17 15:39:53,EDENUSDT,0,NONE,G1|G2,G4,2.3162,BULLISH,44.09,0,0.05565,443345.90452756,0,,,bloqueado G4,20260517_1539,
2026-05-17 15:39:53,SHICUSDT,0,NONE,G1|G2,G4,4.5108,NEUTRAL,3.3,0,2.7365E-06,5954513445.4023542,0,,,bloqueado G4,20260517_1539,
2026-05-17 15:57:38,BOBUSDT,0,NONE,G1|G2,G4,3.0377,BULLISH,11.13,0,0.007579,1907156.66047359,0,,,bloqueado G4,20260517_1557,
2026-05-17 15:57:38,DINGOUSDT,0,NONE,G1|G2,G4,2.2709,BEARISH,-18.35,0,1.655E-05,571601655.039239,0,,,bloqueado G4,20260517_1557,
2026-05-17 15:57:38,EDENUSDT,0,NONE,G1|G2,G4,2.4373,BULLISH,49.95,0,0.057911,466534.84260387,0,,,bloqueado G4,20260517_1557,
2026-05-17 15:57:39,SHICUSDT,0,NONE,G1|G2,G4,4.5499,NEUTRAL,2.26,0,2.709E-06,6006214523.315815,0,,,bloqueado G4,20260517_1557,
2026-05-17 16:15:37,BOBUSDT,0,NONE,G1|G2,G4,3.0597,BULLISH,12.26,0,0.007656,1920962.66047359,0,,,bloqueado G4,20260517_1615,
2026-05-17 16:15:37,DINGOUSDT,0,NONE,G1|G2,G4,2.2799,BEARISH,-17.9,0,1.66422E-05,573867432.81923914,0,,,bloqueado G4,20260517_1615,
2026-05-17 16:15:38,EDENUSDT,0,NONE,G1|G2,G4,2.7036,BULLISH,45.9,0,0.056349,517500.20842613,0,,,bloqueado G4,20260517_1615,
2026-05-17 16:15:38,SHICUSDT,0,NONE,G1|G2,G4,4.6484,BULLISH,9.69,0,2.9058E-06,6136147756.7285624,0,,,bloqueado G4,20260517_1615,
2026-05-17 16:33:47,BOBUSDT,0,NONE,G1|G2,G4,3.1025,BULLISH,10.82,0,0.007558,1947869.61284646,0,,,bloqueado G4,20260517_1633,
2026-05-17 16:33:48,DINGOUSDT,0,NONE,G1|G2,G4,2.288,BEARISH,-18.6,0,1.65001E-05,575890036.79458439,0,,,bloqueado G4,20260517_1633,
2026-05-17 16:33:48,EDENUSDT,0,NONE,G1|G2,G4,2.9465,BULLISH,44.61,0,0.05585,563993.2482684,0,,,bloqueado G4,20260517_1633,
2026-05-17 16:33:48,SHICUSDT,0,NONE,G1|G2,G4,4.6651,BULLISH,9.21,0,2.8932E-06,6158256877.0068569,0,,,bloqueado G4,20260517_1633,
2026-05-17 16:52:15,BOBUSDT,0,NONE,G1|G2,G4,3.1161,BULLISH,8.93,0,0.007429,1956395.0654726,0,,,bloqueado G4,20260517_1652,
2026-05-17 16:52:15,DINGOUSDT,0,NONE,G1|G2,G4,2.3573,BEARISH,-16.5,0,1.6925E-05,593335596.9310075,0,,,bloqueado G4,20260517_1652,
2026-05-17 16:52:16,EDENUSDT,0,NONE,G1|G2,G4,3.1257,BULLISH,44.27,0,0.05572,598297.41491822,0,,,bloqueado G4,20260517_1652,
2026-05-17 16:52:16,SHICUSDT,0,NONE,G1|G2,G4,4.7418,NEUTRAL,2.82,0,2.7237E-06,6259505541.0378017,0,,,bloqueado G4,20260517_1652,
2026-05-17 17:10:42,BOBUSDT,0,NONE,G1|G2,G4,3.1889,BULLISH,11.42,0,0.007599,2002124.67089731,0,,,bloqueado G4,20260517_1710,
2026-05-17 17:10:43,DINGOUSDT,0,NONE,G1|G2,G4,2.3613,BEARISH,-16.86,0,1.68518E-05,594350096.9310075,0,,,bloqueado G4,20260517_1710,
2026-05-17 17:10:43,EDENUSDT,0,NONE,G1|G2,G4,3.1376,BULLISH,41.76,0,0.054751,600583.07911014,0,,,bloqueado G4,20260517_1710,
2026-05-17 17:10:43,SHICUSDT,0,NONE,G1|G2,G4,4.7583,NEUTRAL,3.85,0,2.7512E-06,6281222427.8202515,0,,,bloqueado G4,20260517_1710,
2026-05-17 17:42:55,BOBUSDT,0,NONE,G1|G2,G4,3.2509,BULLISH,13.17,0,0.007718,2041046.39036271,0,,,bloqueado G4,20260517_1742,
2026-05-17 17:42:55,DINGOUSDT,0,NONE,G1|G2,G4,2.405,BEARISH,-14.62,0,1.73065E-05,605352105.6850487,0,,,bloqueado G4,20260517_1742,
2026-05-17 17:42:56,EDENUSDT,0,NONE,G1|G2,G4,3.4823,BULLISH,39.18,0,0.053753,666558.95564343,0,,,bloqueado G4,20260517_1742,
2026-05-17 17:42:56,SHICUSDT,0,NONE,G1|G2,G4,4.8386,BULLISH,10.94,0,2.9388E-06,6387234644.0576668,0,,,bloqueado G4,20260517_1742,
2026-05-17 18:15:29,BOBUSDT,0,NONE,G1|G2,G4,3.4608,BULLISH,24.03,0,0.008459,2172788.86793392,0,,,bloqueado G4,20260517_1815,
2026-05-17 18:15:29,DINGOUSDT,0,NONE,G1|G2,G4,2.4427,BEARISH,-14.35,0,1.7361E-05,614830303.38898969,0,,,bloqueado G4,20260517_1815,
2026-05-17 18:15:30,EDENUSDT,0,NONE,G1|G2,G4,3.5402,BULLISH,37.39,0,0.05306,677639.99355755,0,,,bloqueado G4,20260517_1815,
2026-05-17 18:15:30,SHICUSDT,0,NONE,G1|G2,G4,4.8938,BULLISH,10.94,0,2.9388E-06,6460143754.1392727,0,,,bloqueado G4,20260517_1815,
2026-05-17 18:48:14,BOBUSDT,0,NONE,G1|G2,G4,3.6046,BULLISH,24.41,0,0.008829,2263079.88871295,0,,,bloqueado G4,20260517_1848,
2026-05-17 18:48:14,DINGOUSDT,0,NONE,G1|G2,G4,2.4672,BEARISH,-13.53,0,1.75268E-05,620999067.39122093,0,,,bloqueado G4,20260517_1848,
2026-05-17 18:48:17,MOLTUSDT,0,NONE,G1|G2,G4,2.0134,NEUTRAL,-1.77,0,1.884E-05,824501111.62239456,0,,,bloqueado G4,20260517_1848,
2026-05-17 18:48:19,EDENUSDT,0,NONE,G1|G2,G4,3.5564,BULLISH,39.69,0,0.053951,680747.14891143,0,,,bloqueado G4,20260517_1848,
2026-05-17 18:48:19,SHICUSDT,0,NONE,G1|G2,G4,4.9493,BULLISH,5.76,0,2.8016E-06,6533429848.0315866,0,,,bloqueado G4,20260517_1848,
2026-05-17 19:21:24,BOBUSDT,0,NONE,G1|G2,G4,3.6884,BULLISH,23.53,0,0.008425,2315725.03931215,0,,,bloqueado G4,20260517_1921,
2026-05-17 19:21:24,DINGOUSDT,0,NONE,G1|G2,G4,2.4822,BEARISH,-13.34,0,1.7566E-05,624786725.361221,0,,,bloqueado G4,20260517_1921,
2026-05-17 19:21:24,MOLTUSDT,0,NONE,G1|G2,G4,2.0226,NEUTRAL,-1.62,0,1.887E-05,828271111.62239456,0,,,bloqueado G4,20260517_1921,
2026-05-17 19:21:25,EDENUSDT,0,NONE,G1|G2,G4,3.6179,BULLISH,34.12,0,0.0518,692522.49923975,0,,,bloqueado G4,20260517_1921,
2026-05-17 19:21:25,SHICUSDT,0,NONE,G1|G2,G4,5.0832,BULLISH,6.82,0,2.8299E-06,6710123457.1275034,0,,,bloqueado G4,20260517_1921,
2026-05-17 19:54:00,BOBUSDT,0,NONE,G1|G2,G4,3.7616,BULLISH,19.22,0,0.008139,2361644.42691092,0,,,bloqueado G4,20260517_1954,
2026-05-17 19:54:01,DINGOUSDT,0,NONE,G1|G2,G4,2.5009,BEARISH,-13.42,0,1.75496E-05,629495780.0917604,0,,,bloqueado G4,20260517_1954,
2026-05-17 19:54:01,MOLTUSDT,0,NONE,G1|G2,G4,2.0483,NEUTRAL,-1.77,0,1.884E-05,838776669.31708133,0,,,bloqueado G4,20260517_1954,
2026-05-17 19:54:01,EDENUSDT,0,NONE,G1|G2,G4,3.6896,BULLISH,32.43,0,0.051144,706249.55832826,0,,,bloqueado G4,20260517_1954,
2026-05-17 19:54:02,SHICUSDT,0,NONE,G1|G2,G4,5.1294,BULLISH,10.24,0,2.9205E-06,6771191303.7548523,0,,,bloqueado G4,20260517_1954,
2026-05-17 20:26:35,BOBUSDT,0,NONE,G1|G2,G4,3.8382,BULLISH,17.74,0,0.00803,2409723.50196227,0,,,bloqueado G4,20260517_2026,
2026-05-17 20:26:36,DINGOUSDT,0,NONE,G1|G2,G4,2.5195,BEARISH,-13.11,0,1.76126E-05,634159829.22435212,0,,,bloqueado G4,20260517_2026,
2026-05-17 20:26:36,MOLTUSDT,0,NONE,G1|G2,G4,2.0595,NEUTRAL,-1.77,0,1.884E-05,843380072.46622133,0,,,bloqueado G4,20260517_2026,
2026-05-17 20:26:36,EDENUSDT,0,NONE,G1|G2,G4,3.7039,BULLISH,30.33,0,0.050334,708980.30232584,0,,,bloqueado G4,20260517_2026,
2026-05-17 20:26:36,SHICUSDT,0,NONE,G1|G2,G4,5.2073,NEUTRAL,3.29,0,2.7363E-06,6873957634.1910362,0,,,bloqueado G4,20260517_2026,
2026-05-18 09:26:28,APRUSDT,0,NONE,G1|G2,G4,2.4389,BULLISH,25.4,0,0.1708,59512.30061592,0,,,bloqueado G4,20260518_0926,
2026-05-18 09:26:29,BC2USDT,0,NONE,G1|G2,G4,2.1872,BULLISH,5.16,0,0.3768,36376.50210576,0,,,bloqueado G4,20260518_0926,
2026-05-18 09:26:29,TRACUSDT,85,DISCOVERY,G1|G2|G3|G4|G6,,7.3624,BULLISH,51.72,314934,0.495,65843.80607709,2.24,0.5,2,DISCOVERY score=85 gates=G1;G2;G3;G4;G6,20260518_0926,
2026-05-18 09:36:31,APRUSDT,0,NONE,G1|G2,G4,2.4436,BULLISH,25.62,0,0.1711,59626.60061592,0,,,bloqueado G4,20260518_0936,
2026-05-18 09:36:32,BC2USDT,0,NONE,G1|G2,G4,2.2023,NEUTRAL,3.57,0,0.3711,36627.48209709,0,,,bloqueado G4,20260518_0936,
2026-05-18 09:36:32,TRACUSDT,85,DISCOVERY,G1|G2|G3|G4|G6,,7.3904,BULLISH,49.82,314934,0.4946,66094.23920985,2.24,0.5,2,DISCOVERY score=85 gates=G1;G2;G3;G4;G6,20260518_0936,
2026-05-18 09:41:14,APRUSDT,0,NONE,G1|G2,G4,2.446,BULLISH,26.43,0,0.1722,59684.50061592,0,,,bloqueado G4,20260518_0941,
2026-05-18 09:41:16,BC2USDT,0,NONE,G1|G2,G4,2.234,NEUTRAL,0.98,0,0.36,37155.1716514,0,,,bloqueado G4,20260518_0941,
2026-05-18 09:41:17,TRACUSDT,85,DISCOVERY,G1|G2|G3|G4|G6,,7.4008,BULLISH,49.82,314934,0.4887,66187.45287712,2.24,0.5,2,DISCOVERY score=85 gates=G1;G2;G3;G4;G6,20260518_0941,
2026-05-18 09:46:35,APRUSDT,0,NONE,G1|G2,G4,2.4483,BULLISH,26.21,0,0.1719,59741.30061592,0,,,bloqueado G4,20260518_0946,
2026-05-18 09:46:36,BC2USDT,0,NONE,G1|G2,G4,2.2569,NEUTRAL,-1.06,0,0.3545,37536.18258164,0,,,bloqueado G4,20260518_0946,
2026-05-18 09:46:37,TRACUSDT,85,DISCOVERY,G1|G2|G3|G4|G6,,7.4046,BULLISH,48.01,314934,0.4828,66221.92811986,2.24,0.5,2,DISCOVERY score=85 gates=G1;G2;G3;G4;G6,20260518_0946,
2026-05-18 10:06:09,APRUSDT,0,NONE,G1|G2,G4,2.4576,BULLISH,25.99,0,0.1716,59969.30061592,0,,,bloqueado G4,20260518_1006,
2026-05-18 10:06:10,BC2USDT,0,NONE,G1|G2,G4,2.2923,NEUTRAL,-2.01,0,0.3511,38124.52506278,0,,,bloqueado G4,20260518_1006,
2026-05-18 10:06:11,TRACUSDT,85,DISCOVERY,G1|G2|G3|G4|G6,,7.4489,BULLISH,54.9,314934,0.5089,66618.0514495,2.24,0.5,2,DISCOVERY score=85 gates=G1;G2;G3;G4;G6,20260518_1006,
2026-05-18 10:06:36,APRUSDT,0,NONE,G1|G2,G4,2.4576,BULLISH,25.99,0,0.1714,59969.30061592,0,,,bloqueado G4,20260518_1006,
2026-05-18 10:06:37,BC2USDT,0,NONE,G1|G2,G4,2.2923,NEUTRAL,-2.01,0,0.3511,38124.52506278,0,,,bloqueado G4,20260518_1006,
2026-05-18 10:06:37,TRACUSDT,85,DISCOVERY,G1|G2|G3|G4|G6,,7.4536,BULLISH,56.01,314934,0.5089,66659.27378614,2.24,0.5,2,DISCOVERY score=85 gates=G1;G2;G3;G4;G6,20260518_1006,
2026-05-18 10:16:36,VINEUSDT,0,NONE,G1|G2,G4,2.2286,BULLISH,13.75,0,0.018071,629728.59648712,0,,,bloqueado G4,20260518_1016,
2026-05-18 10:16:37,APRUSDT,0,NONE,G1|G2,G4,2.4757,BULLISH,28.41,0,0.1745,60408.95981576,0,,,bloqueado G4,20260518_1016,
2026-05-18 10:16:37,BC2USDT,0,NONE,G1|G2,G4,2.5306,BULLISH,20.01,0,0.4342,42088.63361609,0,,,bloqueado G4,20260518_1016,
2026-05-18 10:16:37,TRACUSDT,70,DISCOVERY,G1|G2|G3|G4|G6|G8-LATE,,7.5391,BULLISH,51.35,314934,0.4921,67424.33095793,2.24,0.5,2,DISCOVERY score=70 gates=G1;G2;G3;G4;G6;G8-LATE,20260518_1016,
2026-05-18 11:17:52,VINEUSDT,0,NONE,G1|G2,G4,2.9699,BULLISH,12.63,0,0.017893,839211.89991459,0,,,bloqueado G4,20260518_1117,
2026-05-18 11:17:53,DINGOUSDT,0,NONE,G1|G2,G4,2.02,BULLISH,17.55,0,2.07374E-05,829898336.35191178,0,,,bloqueado G4,20260518_1117,
2026-05-18 11:17:53,APRUSDT,0,NONE,G1|G2,G4,2.9019,BULLISH,10.79,0,0.1509,70808.5971624,0,,,bloqueado G4,20260518_1117,
2026-05-18 11:17:53,BC2USDT,0,NONE,G1|G2,G4,2.6616,BULLISH,8.37,0,0.3883,44267.30801066,0,,,bloqueado G4,20260518_1117,
2026-05-18 11:17:53,TRACUSDT,70,DISCOVERY,G1|G2|G3|G4|G6|G8-LATE,,7.9134,BULLISH,41.63,314934,0.4601,70772.03784598,2.24,0.5,2,DISCOVERY score=70 gates=G1;G2;G3;G4;G6;G8-LATE,20260518_1117,
2026-05-18 12:18:46,VINEUSDT,0,NONE,G1|G2,G4,3.0532,BULLISH,11.58,0,0.017772,862741.77695173,0,,,bloqueado G4,20260518_1218,
2026-05-18 12:18:46,DINGOUSDT,0,NONE,G1|G2,G4,2.0391,BULLISH,17.49,0,2.07275E-05,837736112.27191186,0,,,bloqueado G4,20260518_1218,
2026-05-18 12:18:46,APRUSDT,0,NONE,G1|G2,G4,3.1903,BULLISH,7.34,0,0.1455,77846.62179421,0,,,bloqueado G4,20260518_1218,
2026-05-18 12:18:47,BC2USDT,0,NONE,G1|G2,G4,2.8391,NEUTRAL,3.6,0,0.3719,47219.38707512,0,,,bloqueado G4,20260518_1218,
2026-05-18 12:18:47,TRACUSDT,80,DISCOVERY,G1|G2|G3|G4|G6|G8-MID,,8.2134,BULLISH,30.29,314934,0.425,73454.54176075,2.24,0.5,2,DISCOVERY score=80 gates=G1;G2;G3;G4;G6;G8-MID,20260518_1218,
2026-05-18 13:48:17,FIDAUSDT,0,NONE,G1|G2,G4,2.07,BULLISH,5.46,0,0.025344,484062.88966666,0,,,bloqueado G4,20260518_1348,
2026-05-18 13:48:17,VINEUSDT,0,NONE,G1|G2,G4,3.176,BULLISH,9.49,0,0.017395,897462.80830988,0,,,bloqueado G4,20260518_1348,
2026-05-18 13:48:18,DINGOUSDT,0,NONE,G1|G2,G4,2.0523,BULLISH,17.46,0,2.07225E-05,843153337.48940849,0,,,bloqueado G4,20260518_1348,
2026-05-18 13:48:18,PROMUSDT,0,NONE,G1|G2,G4,2.1973,BEARISH,-32.25,0,1.1839,3882.20386191,0,,,bloqueado G4,20260518_1348,
2026-05-18 13:48:18,APRUSDT,0,NONE,G1|G2,G4,3.9058,BULLISH,15.27,0,0.157,95305.37931363,0,,,bloqueado G4,20260518_1348,
2026-05-18 13:48:19,BC2USDT,0,NONE,G1|G2,G4,2.899,NEUTRAL,2.26,0,0.3664,48214.7770011,0,,,bloqueado G4,20260518_1348,
2026-05-18 13:48:19,TRACUSDT,0,NONE,G1|G2,G4,8.5604,BULLISH,33.38,0,0.4351,76558.2587253,0,,,bloqueado G4,20260518_1348,
2026-05-18 13:52:38,FIDAUSDT,0,NONE,G1|G2,G4,2.071,NEUTRAL,3.87,0,0.024962,484294.38966666,0,,,bloqueado G4,20260518_1352,
2026-05-18 13:52:39,VINEUSDT,0,NONE,G1|G2,G4,3.1777,BULLISH,9.27,0,0.017395,897919.80830988,0,,,bloqueado G4,20260518_1352,
2026-05-18 13:52:39,DINGOUSDT,0,NONE,G1|G2,G4,2.0528,BULLISH,17.46,0,2.07225E-05,843379337.48940849,0,,,bloqueado G4,20260518_1352,
2026-05-18 13:52:40,PROMUSDT,0,NONE,G1|G2,G4,2.1999,BEARISH,-31.96,0,1.1889,3886.83386191,0,,,bloqueado G4,20260518_1352,
2026-05-18 13:52:40,APRUSDT,0,NONE,G1|G2,G4,3.9077,BULLISH,15.12,0,0.1568,95351.67931363,0,,,bloqueado G4,20260518_1352,
2026-05-18 13:52:40,BC2USDT,0,NONE,G1|G2,G4,2.9004,NEUTRAL,2.26,0,0.3664,48238.0270011,0,,,bloqueado G4,20260518_1352,
2026-05-18 13:52:41,TRACUSDT,0,NONE,G1|G2,G4,8.5639,BULLISH,33.17,0,0.4344,76589.6814102,0,,,bloqueado G4,20260518_1352,
2026-05-18 13:54:01,FIDAUSDT,0,NONE,G1|G2,G4,2.072,NEUTRAL,4.01,0,0.024962,484529.72139742,0,,,bloqueado G4,20260518_1354,
2026-05-18 13:54:02,VINEUSDT,0,NONE,G1|G2,G4,3.1785,BULLISH,9.49,0,0.017395,898148.80830988,0,,,bloqueado G4,20260518_1354,
2026-05-18 13:54:03,DINGOUSDT,0,NONE,G1|G2,G4,2.0531,BULLISH,17.46,0,2.07225E-05,843493337.48940849,0,,,bloqueado G4,20260518_1354,
2026-05-18 13:54:03,PROMUSDT,0,NONE,G1|G2,G4,2.2011,BEARISH,-31.99,0,1.1884,3889.04386191,0,,,bloqueado G4,20260518_1354,
2026-05-18 13:54:04,APRUSDT,0,NONE,G1|G2,G4,3.9086,BULLISH,15.12,0,0.1568,95374.77931363,0,,,bloqueado G4,20260518_1354,
2026-05-18 13:54:04,BC2USDT,0,NONE,G1|G2,G4,2.9011,NEUTRAL,2.26,0,0.3664,48249.4770011,0,,,bloqueado G4,20260518_1354,
2026-05-18 13:54:05,TRACUSDT,0,NONE,G1|G2,G4,8.5645,BULLISH,34.21,0,0.4378,76595.1814102,0,,,bloqueado G4,20260518_1354,
2026-05-18 13:55:25,FIDAUSDT,0,NONE,G1|G2,G4,2.074,NEUTRAL,3.4,0,0.024848,485000.43929422,0,,,bloqueado G4,20260518_1355,
2026-05-18 13:55:25,VINEUSDT,0,NONE,G1|G2,G4,3.1789,BULLISH,9.49,0,0.017395,898265.80830988,0,,,bloqueado G4,20260518_1355,
2026-05-18 13:55:25,DINGOUSDT,0,NONE,G1|G2,G4,2.0533,BULLISH,17.46,0,2.07225E-05,843550337.48940849,0,,,bloqueado G4,20260518_1355,
2026-05-18 13:55:26,PROMUSDT,0,NONE,G1|G2,G4,2.2018,BEARISH,-32.18,0,1.185,3890.18386191,0,,,bloqueado G4,20260518_1355,
2026-05-18 13:55:26,APRUSDT,0,NONE,G1|G2,G4,3.9091,BULLISH,15.27,0,0.157,95386.17931363,0,,,bloqueado G4,20260518_1355,
2026-05-18 13:55:26,BC2USDT,0,NONE,G1|G2,G4,2.9014,NEUTRAL,2.26,0,0.3664,48255.3770011,0,,,bloqueado G4,20260518_1355,
2026-05-18 13:55:26,TRACUSDT,0,NONE,G1|G2,G4,8.5652,BULLISH,33.87,0,0.4367,76601.0314102,0,,,bloqueado G4,20260518_1355,
2026-05-18 13:56:17,FIDAUSDT,0,NONE,G1|G2,G4,2.074,NEUTRAL,3.4,0,0.024839,485000.43929422,0,,,bloqueado G4,20260518_1356,
2026-05-18 13:56:17,VINEUSDT,0,NONE,G1|G2,G4,3.1793,BULLISH,9.32,0,0.017367,898382.80830988,0,,,bloqueado G4,20260518_1356,
2026-05-18 13:56:18,DINGOUSDT,0,NONE,G1|G2,G4,2.0534,BULLISH,17.13,0,2.0663E-05,843609837.48940849,0,,,bloqueado G4,20260518_1356,
2026-05-18 13:56:18,PROMUSDT,0,NONE,G1|G2,G4,2.2024,BEARISH,-32.1,0,1.1864,3891.32386191,0,,,bloqueado G4,20260518_1356,
2026-05-18 13:56:18,APRUSDT,0,NONE,G1|G2,G4,3.9207,BULLISH,16.37,0,0.1585,95670.52198717,0,,,bloqueado G4,20260518_1356,
2026-05-18 13:56:19,BC2USDT,0,NONE,G1|G2,G4,2.9018,NEUTRAL,2.26,0,0.3664,48261.2270011,0,,,bloqueado G4,20260518_1356,
2026-05-18 13:56:19,TRACUSDT,0,NONE,G1|G2,G4,8.5659,BULLISH,33.87,0,0.4367,76606.9314102,0,,,bloqueado G4,20260518_1356,
2026-05-18 15:25:55,FIDAUSDT,0,NONE,G1|G2,G4,2.477,NEUTRAL,-6.13,0,0.022559,579246.38495562,0,,,bloqueado G4,20260518_1525,
2026-05-18 15:25:56,VINEUSDT,0,NONE,G1|G2,G4,3.2397,BULLISH,8.83,0,0.01729,915451.3625632,0,,,bloqueado G4,20260518_1525,
2026-05-18 15:25:57,DINGOUSDT,0,NONE,G1|G2,G4,2.0661,BULLISH,17.01,0,2.06431E-05,848824828.9260751,0,,,bloqueado G4,20260518_1525,
2026-05-18 15:25:57,PROMUSDT,0,NONE,G1|G2,G4,2.2789,BEARISH,-34.69,0,1.1412,4026.35541822,0,,,bloqueado G4,20260518_1525,
2026-05-18 15:25:58,APRUSDT,0,NONE,G1|G2,G4,4.1763,BULLISH,20.7,0,0.1644,101907.26081281,0,,,bloqueado G4,20260518_1525,
2026-05-18 15:25:58,BC2USDT,0,NONE,G1|G2,G4,3.0098,BULLISH,7.01,0,0.3834,50058.66107362,0,,,bloqueado G4,20260518_1525,
2026-05-18 15:25:59,TRACUSDT,0,NONE,G1|G2,G4,8.8229,BULLISH,39.45,0,0.4549,78906.05716877,0,,,bloqueado G4,20260518_1525,
2026-05-18 15:27:15,FIDAUSDT,0,NONE,G1|G2,G4,2.4773,NEUTRAL,-5.61,0,0.022684,579303.38495562,0,,,bloqueado G4,20260518_1527,
2026-05-18 15:27:15,VINEUSDT,0,NONE,G1|G2,G4,3.2401,BULLISH,8.77,0,0.01728,915564.3625632,0,,,bloqueado G4,20260518_1527,
2026-05-18 15:27:15,DINGOUSDT,0,NONE,G1|G2,G4,2.0662,BULLISH,17.01,0,2.06431E-05,848883828.9260751,0,,,bloqueado G4,20260518_1527,
2026-05-18 15:27:15,PROMUSDT,0,NONE,G1|G2,G4,2.2794,BEARISH,-34.76,0,1.14,4027.36019347,0,,,bloqueado G4,20260518_1527,
2026-05-18 15:27:16,APRUSDT,0,NONE,G1|G2,G4,4.1768,BULLISH,20.04,0,0.1644,101918.26081281,0,,,bloqueado G4,20260518_1527,
2026-05-18 15:27:16,BC2USDT,0,NONE,G1|G2,G4,3.0102,BULLISH,6.56,0,0.3818,50064.56107362,0,,,bloqueado G4,20260518_1527,
2026-05-18 15:27:16,TRACUSDT,0,NONE,G1|G2,G4,8.8305,BULLISH,37.71,0,0.4492,78973.65102891,0,,,bloqueado G4,20260518_1527,
2026-05-18 15:27:55,FIDAUSDT,0,NONE,G1|G2,G4,2.4773,NEUTRAL,-5.61,0,0.022646,579303.38495562,0,,,bloqueado G4,20260518_1527,
2026-05-18 15:27:55,VINEUSDT,0,NONE,G1|G2,G4,3.2478,BULLISH,8.77,0,0.017193,917735.01443744,0,,,bloqueado G4,20260518_1527,
2026-05-18 15:27:55,DINGOUSDT,0,NONE,G1|G2,G4,2.0664,BULLISH,17.01,0,2.06431E-05,848942328.9260751,0,,,bloqueado G4,20260518_1527,
2026-05-18 15:27:56,PROMUSDT,0,NONE,G1|G2,G4,2.2801,BEARISH,-34.66,0,1.1417,4028.54019347,0,,,bloqueado G4,20260518_1527,
2026-05-18 15:27:56,APRUSDT,0,NONE,G1|G2,G4,4.1941,BULLISH,20.7,0,0.1644,102341.53587966,0,,,bloqueado G4,20260518_1527,
2026-05-18 15:27:56,BC2USDT,0,NONE,G1|G2,G4,3.0105,BULLISH,6.56,0,0.3818,50070.16107362,0,,,bloqueado G4,20260518_1527,
2026-05-18 15:27:56,TRACUSDT,0,NONE,G1|G2,G4,8.8311,BULLISH,39.09,0,0.4537,78979.20102891,0,,,bloqueado G4,20260518_1527,
2026-05-18 15:29:19,FIDAUSDT,0,NONE,G1|G2,G4,2.4856,NEUTRAL,-6.16,0,0.022552,581260.70380206,0,,,bloqueado G4,20260518_1529,
2026-05-18 15:29:20,VINEUSDT,0,NONE,G1|G2,G4,3.2486,BULLISH,8.22,0,0.017193,917963.01443744,0,,,bloqueado G4,20260518_1529,
2026-05-18 15:29:20,DINGOUSDT,0,NONE,G1|G2,G4,2.0665,BULLISH,17.01,0,2.06431E-05,849000328.9260751,0,,,bloqueado G4,20260518_1529,
2026-05-18 15:29:21,PROMUSDT,0,NONE,G1|G2,G4,2.2807,BEARISH,-34.49,0,1.1448,4029.70019347,0,,,bloqueado G4,20260518_1529,
2026-05-18 15:29:21,APRUSDT,0,NONE,G1|G2,G4,4.1946,BULLISH,21.29,0,0.1652,102353.13587966,0,,,bloqueado G4,20260518_1529,
2026-05-18 15:29:22,BC2USDT,0,NONE,G1|G2,G4,3.0109,BULLISH,6.56,0,0.3818,50076.01107362,0,,,bloqueado G4,20260518_1529,
2026-05-18 15:29:22,TRACUSDT,0,NONE,G1|G2,G4,8.8318,BULLISH,38.38,0,0.4514,78985.10102891,0,,,bloqueado G4,20260518_1529,
2026-05-18 15:30:29,FIDAUSDT,0,NONE,G1|G2,G4,2.488,NEUTRAL,-6.16,0,0.022552,581819.12380205,0,,,bloqueado G4,20260518_1530,
2026-05-18 15:30:29,VINEUSDT,0,NONE,G1|G2,G4,3.249,BULLISH,8,0,0.017158,918077.01443744,0,,,bloqueado G4,20260518_1530,
2026-05-18 15:30:30,DINGOUSDT,0,NONE,G1|G2,G4,2.0667,BULLISH,16.92,0,2.06258E-05,849056328.9260751,0,,,bloqueado G4,20260518_1530,
2026-05-18 15:30:30,PROMUSDT,0,NONE,G1|G2,G4,2.2814,BEARISH,-34.49,0,1.1448,4030.87019347,0,,,bloqueado G4,20260518_1530,
2026-05-18 15:30:30,APRUSDT,0,NONE,G1|G2,G4,4.1951,BULLISH,21.22,0,0.1651,102364.13587966,0,,,bloqueado G4,20260518_1530,
2026-05-18 15:30:30,BC2USDT,0,NONE,G1|G2,G4,3.0112,BULLISH,6.56,0,0.3818,50081.56107362,0,,,bloqueado G4,20260518_1530,
2026-05-18 15:30:31,TRACUSDT,0,NONE,G1|G2,G4,8.84,BULLISH,37.16,0,0.4474,79058.59488905,0,,,bloqueado G4,20260518_1530,
2026-05-18 15:31:58,FIDAUSDT,0,NONE,G1|G2,G4,2.4883,NEUTRAL,-6.85,0,0.022385,581877.13235504,0,,,bloqueado G4,20260518_1531,
2026-05-18 15:31:58,VINEUSDT,0,NONE,G1|G2,G4,3.2494,BULLISH,8.35,0,0.017208,918196.01443744,0,,,bloqueado G4,20260518_1531,
2026-05-18 15:31:58,DINGOUSDT,0,NONE,G1|G2,G4,2.0669,BULLISH,16.92,0,2.06258E-05,849171828.9260751,0,,,bloqueado G4,20260518_1531,
2026-05-18 15:31:59,PROMUSDT,0,NONE,G1|G2,G4,2.2827,BEARISH,-34.72,0,1.1407,4033.18019347,0,,,bloqueado G4,20260518_1531,
2026-05-18 15:31:59,APRUSDT,0,NONE,G1|G2,G4,4.196,BULLISH,21.37,0,0.1653,102386.43587966,0,,,bloqueado G4,20260518_1531,
2026-05-18 15:31:59,BC2USDT,0,NONE,G1|G2,G4,3.0143,BULLISH,6.56,0,0.3818,50133.48464962,0,,,bloqueado G4,20260518_1531,
2026-05-18 15:31:59,TRACUSDT,0,NONE,G1|G2,G4,8.8724,BULLISH,35.38,0,0.4416,79348.23796015,0,,,bloqueado G4,20260518_1531,
2026-05-18 15:33:13,FIDAUSDT,0,NONE,G1|G2,G4,2.5007,NEUTRAL,-6.16,0,0.022552,584784.63235504,0,,,bloqueado G4,20260518_1533,
2026-05-18 15:33:14,VINEUSDT,0,NONE,G1|G2,G4,3.2502,BULLISH,8.31,0,0.017208,918427.01443744,0,,,bloqueado G4,20260518_1533,
2026-05-18 15:33:14,SWCHUSDT,0,NONE,G1|G2,G4,2.1724,BEARISH,-13.7,0,0.064367,286553.44026349,0,,,bloqueado G4,20260518_1533,
2026-05-18 15:33:14,DINGOUSDT,0,NONE,G1|G2,G4,2.0671,BULLISH,17.01,0,2.06431E-05,849230828.9260751,0,,,bloqueado G4,20260518_1533,
2026-05-18 15:33:15,PROMUSDT,0,NONE,G1|G2,G4,2.2834,BEARISH,-34.61,0,1.1427,4034.31019347,0,,,bloqueado G4,20260518_1533,
2026-05-18 15:33:15,APRUSDT,0,NONE,G1|G2,G4,4.1965,BULLISH,21.29,0,0.1652,102398.13587966,0,,,bloqueado G4,20260518_1533,
2026-05-18 15:33:15,BC2USDT,0,NONE,G1|G2,G4,3.0147,BULLISH,6.56,0,0.3818,50139.03464962,0,,,bloqueado G4,20260518_1533,
2026-05-18 15:33:15,TRACUSDT,0,NONE,G1|G2,G4,8.873,BULLISH,35.93,0,0.4434,79354.13796015,0,,,bloqueado G4,20260518_1533,
2026-05-18 15:34:43,FIDAUSDT,0,NONE,G1|G2,G4,2.5009,NEUTRAL,-6.3,0,0.022552,584834.92895655,0,,,bloqueado G4,20260518_1534,
2026-05-18 15:34:44,VINEUSDT,0,NONE,G1|G2,G4,3.2507,BULLISH,8.31,0,0.017208,918546.01443744,0,,,bloqueado G4,20260518_1534,
2026-05-18 15:34:44,SWCHUSDT,0,NONE,G1|G2,G4,2.1725,BEARISH,-13.7,0,0.064367,286577.04026349,0,,,bloqueado G4,20260518_1534,
2026-05-18 15:34:44,DINGOUSDT,0,NONE,G1|G2,G4,2.0672,BULLISH,17.01,0,2.06431E-05,849286328.9260751,0,,,bloqueado G4,20260518_1534,
2026-05-18 15:34:45,PROMUSDT,0,NONE,G1|G2,G4,2.284,BEARISH,-34.72,0,1.1407,4035.44019347,0,,,bloqueado G4,20260518_1534,
2026-05-18 15:34:45,APRUSDT,0,NONE,G1|G2,G4,4.1969,BULLISH,21.44,0,0.1656,102409.73587966,0,,,bloqueado G4,20260518_1534,
2026-05-18 15:34:45,BC2USDT,0,NONE,G1|G2,G4,3.015,BULLISH,6.56,0,0.3838,50144.78464962,0,,,bloqueado G4,20260518_1534,
2026-05-18 15:34:46,TRACUSDT,0,NONE,G1|G2,G4,8.8737,BULLISH,36.2,0,0.4437,79359.83796015,0,,,bloqueado G4,20260518_1534,
2026-05-18 15:36:01,VINEUSDT,0,NONE,G1|G2,G4,3.2511,BULLISH,8.35,0,0.017213,918664.01443744,0,,,bloqueado G4,20260518_1536,
2026-05-18 15:36:02,SWCHUSDT,0,NONE,G1|G2,G4,2.1727,BEARISH,-13.7,0,0.064366,286599.04026349,0,,,bloqueado G4,20260518_1536,
2026-05-18 15:36:02,DINGOUSDT,0,NONE,G1|G2,G4,2.0674,BULLISH,17.01,0,2.06431E-05,849345828.9260751,0,,,bloqueado G4,20260518_1536,
2026-05-18 15:36:02,PROMUSDT,0,NONE,G1|G2,G4,2.2846,BEARISH,-34.49,0,1.1453,4036.59019347,0,,,bloqueado G4,20260518_1536,
2026-05-18 15:36:03,APRUSDT,0,NONE,G1|G2,G4,4.1974,BULLISH,21.59,0,0.1657,102421.33587966,0,,,bloqueado G4,20260518_1536,
2026-05-18 15:36:03,BC2USDT,0,NONE,G1|G2,G4,3.0289,NEUTRAL,3.88,0,0.3722,50376.34610931,0,,,bloqueado G4,20260518_1536,
2026-05-18 15:36:03,TRACUSDT,0,NONE,G1|G2,G4,8.8749,BULLISH,35.93,0,0.4434,79370.93796015,0,,,bloqueado G4,20260518_1536,
2026-05-18 15:36:04,FIDAUSDT,85,DISCOVERY,G1|G2|G3|G4|G6,,2.5023,NEUTRAL,-6.16,0,0.022616,585166.69084286,2.24,0.5,2,DISCOVERY score=85 gates=G1;G2;G3;G4;G6,20260518_1536,
2026-05-18 15:37:04,VINEUSDT,0,NONE,G1|G2,G4,3.2519,BULLISH,8.35,0,0.017213,918886.01443744,0,,,bloqueado G4,20260518_1537,
2026-05-18 15:37:05,SWCHUSDT,0,NONE,G1|G2,G4,2.173,BEARISH,-13.84,0,0.064264,286644.64026349,0,,,bloqueado G4,20260518_1537,
2026-05-18 15:37:05,DINGOUSDT,0,NONE,G1|G2,G4,2.0676,BULLISH,16.92,0,2.06258E-05,849461328.9260751,0,,,bloqueado G4,20260518_1537,
2026-05-18 15:37:05,PROMUSDT,0,NONE,G1|G2,G4,2.286,BEARISH,-34.46,0,1.1453,4038.94019347,0,,,bloqueado G4,20260518_1537,
2026-05-18 15:37:06,APRUSDT,0,NONE,G1|G2,G4,4.1983,BULLISH,21.66,0,0.1657,102443.93587966,0,,,bloqueado G4,20260518_1537,
2026-05-18 15:37:06,BC2USDT,0,NONE,G1|G2,G4,3.0293,NEUTRAL,4.41,0,0.3741,50381.99610931,0,,,bloqueado G4,20260518_1537,
2026-05-18 15:37:06,TRACUSDT,0,NONE,G1|G2,G4,8.8756,BULLISH,36.08,0,0.4439,79376.68796015,0,,,bloqueado G4,20260518_1537,
2026-05-18 15:37:07,FIDAUSDT,85,DISCOVERY,G1|G2|G3|G4|G6,,2.5028,NEUTRAL,-5.93,0,0.022606,585281.69084286,2.24,0.5,2,DISCOVERY score=85 gates=G1;G2;G3;G4;G6,20260518_1537,
2026-05-18 15:38:27,VINEUSDT,0,NONE,G1|G2,G4,3.2523,BULLISH,8.35,0,0.017213,918998.01443744,0,,,bloqueado G4,20260518_1538,
2026-05-18 15:38:28,SWCHUSDT,0,NONE,G1|G2,G4,2.1734,BEARISH,-13.84,0,0.064264,286688.30044404,0,,,bloqueado G4,20260518_1538,
2026-05-18 15:38:28,DINGOUSDT,0,NONE,G1|G2,G4,2.0678,BULLISH,16.92,0,2.06258E-05,849518828.9260751,0,,,bloqueado G4,20260518_1538,
2026-05-18 15:38:28,PROMUSDT,0,NONE,G1|G2,G4,2.2866,BEARISH,-34.46,0,1.1453,4040.11019347,0,,,bloqueado G4,20260518_1538,
2026-05-18 15:38:29,APRUSDT,0,NONE,G1|G2,G4,4.1988,BULLISH,22.03,0,0.1662,102455.03587966,0,,,bloqueado G4,20260518_1538,
2026-05-18 15:38:29,BC2USDT,0,NONE,G1|G2,G4,3.0296,NEUTRAL,4.41,0,0.3741,50387.94610931,0,,,bloqueado G4,20260518_1538,
2026-05-18 15:38:29,TRACUSDT,0,NONE,G1|G2,G4,8.8762,BULLISH,36.6,0,0.4456,79382.58796015,0,,,bloqueado G4,20260518_1538,
2026-05-18 15:38:30,FIDAUSDT,85,DISCOVERY,G1|G2|G3|G4|G6,,2.5055,NEUTRAL,-6.87,0,0.022552,585900.49081745,2.24,0.5,2,DISCOVERY score=85 gates=G1;G2;G3;G4;G6,20260518_1538,
2026-05-18 15:39:39,VINEUSDT,0,NONE,G1|G2,G4,3.2527,BULLISH,8.22,0,0.017193,919114.01443744,0,,,bloqueado G4,20260518_1539,
2026-05-18 15:39:40,SWCHUSDT,0,NONE,G1|G2,G4,2.1735,BEARISH,-13.84,0,0.064264,286710.50044404,0,,,bloqueado G4,20260518_1539,
2026-05-18 15:39:40,DINGOUSDT,0,NONE,G1|G2,G4,2.0679,BULLISH,16.92,0,2.06258E-05,849577828.9260751,0,,,bloqueado G4,20260518_1539,
2026-05-18 15:39:40,PROMUSDT,0,NONE,G1|G2,G4,2.2873,BEARISH,-34.34,0,1.1473,4041.29019347,0,,,bloqueado G4,20260518_1539,
2026-05-18 15:39:40,APRUSDT,0,NONE,G1|G2,G4,4.1993,BULLISH,22.03,0,0.1662,102466.73587966,0,,,bloqueado G4,20260518_1539,
2026-05-18 15:39:41,BC2USDT,0,NONE,G1|G2,G4,3.03,NEUTRAL,4.41,0,0.3741,50393.59610931,0,,,bloqueado G4,20260518_1539,
2026-05-18 15:39:41,TRACUSDT,0,NONE,G1|G2,G4,8.8769,BULLISH,36.6,0,0.4456,79388.33796015,0,,,bloqueado G4,20260518_1539,
2026-05-18 15:39:41,FIDAUSDT,85,DISCOVERY,G1|G2|G3|G4|G6,,2.5079,NEUTRAL,-6.16,0,0.022552,586458.91937042,2.24,0.5,2,DISCOVERY score=85 gates=G1;G2;G3;G4;G6,20260518_1539,
2026-05-18 15:40:55,VINEUSDT,0,NONE,G1|G2,G4,3.2531,BULLISH,8.2,0,0.017189,919230.01443744,0,,,bloqueado G4,20260518_1540,
2026-05-18 15:40:55,SWCHUSDT,0,NONE,G1|G2,G4,2.1737,BEARISH,-13.84,0,0.064366,286732.90044404,0,,,bloqueado G4,20260518_1540,
2026-05-18 15:40:55,DINGOUSDT,0,NONE,G1|G2,G4,2.0681,BULLISH,17.01,0,2.06431E-05,849637328.9260751,0,,,bloqueado G4,20260518_1540,
2026-05-18 15:40:56,PROMUSDT,0,NONE,G1|G2,G4,2.2879,BEARISH,-34.29,0,1.1483,4042.40019347,0,,,bloqueado G4,20260518_1540,
2026-05-18 15:40:56,APRUSDT,0,NONE,G1|G2,G4,4.1997,BULLISH,21.59,0,0.1656,102478.13587966,0,,,bloqueado G4,20260518_1540,
2026-05-18 15:40:56,BC2USDT,0,NONE,G1|G2,G4,3.0307,NEUTRAL,4.41,0,0.3741,50405.14610931,0,,,bloqueado G4,20260518_1540,
2026-05-18 15:40:57,TRACUSDT,0,NONE,G1|G2,G4,8.8781,BULLISH,36.6,0,0.4456,79399.53796015,0,,,bloqueado G4,20260518_1540,
2026-05-18 15:40:57,FIDAUSDT,85,DISCOVERY,G1|G2|G3|G4|G6,,2.5079,NEUTRAL,-6.16,0,0.022724,586458.91937043,2.24,0.5,2,DISCOVERY score=85 gates=G1;G2;G3;G4;G6,20260518_1540,
2026-05-18 15:42:09,VINEUSDT,0,NONE,G1|G2,G4,3.2539,BULLISH,8.2,0,0.017189,919457.01443744,0,,,bloqueado G4,20260518_1542,
2026-05-18 15:42:10,SWCHUSDT,0,NONE,G1|G2,G4,2.1741,BEARISH,-13.7,0,0.064366,286779.10044404,0,,,bloqueado G4,20260518_1542,
2026-05-18 15:42:10,DINGOUSDT,0,NONE,G1|G2,G4,2.0684,BULLISH,17.01,0,2.06431E-05,849750328.9260751,0,,,bloqueado G4,20260518_1542,
2026-05-18 15:42:10,PROMUSDT,0,NONE,G1|G2,G4,2.2892,BEARISH,-34.29,0,1.1483,4044.68019347,0,,,bloqueado G4,20260518_1542,
2026-05-18 15:42:11,APRUSDT,0,NONE,G1|G2,G4,4.2007,BULLISH,21.59,0,0.1656,102501.43587966,0,,,bloqueado G4,20260518_1542,
2026-05-18 15:42:11,BC2USDT,0,NONE,G1|G2,G4,3.0378,NEUTRAL,2.82,0,0.3684,50524.41967252,0,,,bloqueado G4,20260518_1542,
2026-05-18 15:42:11,TRACUSDT,0,NONE,G1|G2,G4,8.8787,BULLISH,36.24,0,0.4444,79405.13796015,0,,,bloqueado G4,20260518_1542,
2026-05-18 15:42:11,FIDAUSDT,85,DISCOVERY,G1|G2|G3|G4|G6,,2.5084,NEUTRAL,-5.79,0,0.02264,586575.41937043,2.24,0.5,2,DISCOVERY score=85 gates=G1;G2;G3;G4;G6,20260518_1542,
2026-05-18 15:43:34,VINEUSDT,0,NONE,G1|G2,G4,3.2543,BULLISH,8.2,0,0.017189,919573.01443744,0,,,bloqueado G4,20260518_1543,
2026-05-18 15:43:34,SWCHUSDT,0,NONE,G1|G2,G4,2.1742,BEARISH,-13.7,0,0.064367,286802.90044404,0,,,bloqueado G4,20260518_1543,
2026-05-18 15:43:35,DINGOUSDT,0,NONE,G1|G2,G4,2.0685,BULLISH,17.01,0,2.06431E-05,849807828.9260751,0,,,bloqueado G4,20260518_1543,
2026-05-18 15:43:35,PROMUSDT,0,NONE,G1|G2,G4,2.2899,BEARISH,-34.42,0,1.1459,4045.85019347,0,,,bloqueado G4,20260518_1543,
2026-05-18 15:43:35,APRUSDT,0,NONE,G1|G2,G4,4.2012,BULLISH,21.59,0,0.1656,102513.23587966,0,,,bloqueado G4,20260518_1543,
2026-05-18 15:43:36,BC2USDT,0,NONE,G1|G2,G4,3.0382,NEUTRAL,3.35,0,0.3703,50529.96967252,0,,,bloqueado G4,20260518_1543,
2026-05-18 15:43:36,TRACUSDT,0,NONE,G1|G2,G4,8.8794,BULLISH,35.99,0,0.4436,79410.98796015,0,,,bloqueado G4,20260518_1543,
2026-05-18 15:43:36,FIDAUSDT,85,DISCOVERY,G1|G2|G3|G4|G6,,2.5112,NEUTRAL,-4.64,0,0.022918,587229.07745178,2.24,0.5,2,DISCOVERY score=85 gates=G1;G2;G3;G4;G6,20260518_1543,
2026-05-18 15:44:41,VINEUSDT,0,NONE,G1|G2,G4,3.2547,BULLISH,8.22,0,0.017193,919684.01443744,0,,,bloqueado G4,20260518_1544,
2026-05-18 15:44:42,SWCHUSDT,0,NONE,G1|G2,G4,2.1744,BEARISH,-14.01,0,0.064141,286825.30044404,0,,,bloqueado G4,20260518_1544,
2026-05-18 15:44:42,DINGOUSDT,0,NONE,G1|G2,G4,2.0686,BULLISH,16.92,0,2.05871E-05,849865328.9260751,0,,,bloqueado G4,20260518_1544,
2026-05-18 15:44:42,PROMUSDT,0,NONE,G1|G2,G4,2.2905,BEARISH,-34.34,0,1.1474,4047.01019347,0,,,bloqueado G4,20260518_1544,
2026-05-18 15:44:42,APRUSDT,0,NONE,G1|G2,G4,4.2017,BULLISH,21.44,0,0.1657,102524.93587966,0,,,bloqueado G4,20260518_1544,
2026-05-18 15:44:43,BC2USDT,0,NONE,G1|G2,G4,3.0385,NEUTRAL,3.35,0,0.3712,50535.51967252,0,,,bloqueado G4,20260518_1544,
2026-05-18 15:44:43,TRACUSDT,0,NONE,G1|G2,G4,8.88,BULLISH,36.17,0,0.4442,79416.68796015,0,,,bloqueado G4,20260518_1544,
2026-05-18 15:44:43,FIDAUSDT,85,DISCOVERY,G1|G2|G3|G4|G6,,2.5114,NEUTRAL,-5.59,0,0.022765,587288.57745178,2.24,0.5,2,DISCOVERY score=85 gates=G1;G2;G3;G4;G6,20260518_1544,
2026-05-18 15:45:57,FIDAUSDT,0,NONE,G1|G2,G4,2.5117,NEUTRAL,-5.27,0,0.023008,587343.57745178,0,,,bloqueado G4,20260518_1545,
2026-05-18 15:45:57,VINEUSDT,0,NONE,G1|G2,G4,3.2551,BULLISH,8.41,0,0.017223,919802.01443744,0,,,bloqueado G4,20260518_1545,
2026-05-18 15:45:57,SWCHUSDT,0,NONE,G1|G2,G4,2.1746,BEARISH,-13.7,0,0.064366,286848.90044404,0,,,bloqueado G4,20260518_1545,
2026-05-18 15:45:57,DINGOUSDT,0,NONE,G1|G2,G4,2.0688,BULLISH,16.7,0,2.05871E-05,849921328.9260751,0,,,bloqueado G4,20260518_1545,
2026-05-18 15:45:58,PROMUSDT,0,NONE,G1|G2,G4,2.2912,BEARISH,-34.34,0,1.1474,4048.16019347,0,,,bloqueado G4,20260518_1545,
2026-05-18 15:45:58,APRUSDT,0,NONE,G1|G2,G4,4.2026,BULLISH,21.88,0,0.166,102547.33587966,0,,,bloqueado G4,20260518_1545,
2026-05-18 15:45:58,BC2USDT,0,NONE,G1|G2,G4,3.0392,NEUTRAL,3.35,0,0.3703,50546.91967252,0,,,bloqueado G4,20260518_1545,
2026-05-18 15:45:59,TRACUSDT,0,NONE,G1|G2,G4,8.8813,BULLISH,36.17,0,0.4442,79428.18796015,0,,,bloqueado G4,20260518_1545,
2026-05-18 15:47:24,FIDAUSDT,0,NONE,G1|G2,G4,2.5166,NEUTRAL,-4.26,0,0.023008,588499.79174974,0,,,bloqueado G4,20260518_1547,
2026-05-18 15:47:24,VINEUSDT,0,NONE,G1|G2,G4,3.2559,BULLISH,8.57,0,0.017248,920032.01443744,0,,,bloqueado G4,20260518_1547,
2026-05-18 15:47:25,SWCHUSDT,0,NONE,G1|G2,G4,2.1749,BEARISH,-13.7,0,0.064366,286894.10044404,0,,,bloqueado G4,20260518_1547,
2026-05-18 15:47:25,DINGOUSDT,0,NONE,G1|G2,G4,2.069,BULLISH,16.7,0,2.05871E-05,850035328.9260751,0,,,bloqueado G4,20260518_1547,
2026-05-18 15:47:25,PROMUSDT,0,NONE,G1|G2,G4,2.2925,BEARISH,-34.34,0,1.1473,4050.40019347,0,,,bloqueado G4,20260518_1547,
2026-05-18 15:47:26,APRUSDT,0,NONE,G1|G2,G4,4.203,BULLISH,21.88,0,0.166,102558.93587966,0,,,bloqueado G4,20260518_1547,
2026-05-18 15:47:26,BC2USDT,0,NONE,G1|G2,G4,3.0395,NEUTRAL,3.35,0,0.3703,50552.71967252,0,,,bloqueado G4,20260518_1547,
2026-05-18 15:47:26,TRACUSDT,0,NONE,G1|G2,G4,8.882,BULLISH,36.3,0,0.4446,79434.03796015,0,,,bloqueado G4,20260518_1547,
2026-05-18 15:48:33,FIDAUSDT,0,NONE,G1|G2,G4,2.5215,NEUTRAL,-4.26,0,0.023008,589655.5060477,0,,,bloqueado G4,20260518_1548,
2026-05-18 15:48:33,VINEUSDT,0,NONE,G1|G2,G4,3.2563,BULLISH,8.69,0,0.017268,920151.01443744,0,,,bloqueado G4,20260518_1548,
2026-05-18 15:48:34,SWCHUSDT,0,NONE,G1|G2,G4,2.1751,BEARISH,-13.7,0,0.064367,286917.30044404,0,,,bloqueado G4,20260518_1548,
2026-05-18 15:48:34,DINGOUSDT,0,NONE,G1|G2,G4,2.0724,BULLISH,16.15,0,2.04906E-05,851398771.66408587,0,,,bloqueado G4,20260518_1548,
2026-05-18 15:48:35,PROMUSDT,0,NONE,G1|G2,G4,2.2931,BEARISH,-34.5,0,1.1446,4051.55019347,0,,,bloqueado G4,20260518_1548,
2026-05-18 15:48:35,APRUSDT,0,NONE,G1|G2,G4,4.2035,BULLISH,21.81,0,0.1659,102570.33587966,0,,,bloqueado G4,20260518_1548,
2026-05-18 15:48:35,BC2USDT,0,NONE,G1|G2,G4,3.0399,NEUTRAL,3.35,0,0.3703,50558.46967252,0,,,bloqueado G4,20260518_1548,
2026-05-18 15:48:36,TRACUSDT,0,NONE,G1|G2,G4,8.8826,BULLISH,35.68,0,0.4426,79439.53796015,0,,,bloqueado G4,20260518_1548,
2026-05-18 15:49:47,FIDAUSDT,0,NONE,G1|G2,G4,2.5215,NEUTRAL,-4.26,0,0.022903,589655.5060477,0,,,bloqueado G4,20260518_1549,
2026-05-18 15:49:47,VINEUSDT,0,NONE,G1|G2,G4,3.2568,BULLISH,8.6,0,0.017254,920270.01443744,0,,,bloqueado G4,20260518_1549,
2026-05-18 15:49:48,SWCHUSDT,0,NONE,G1|G2,G4,2.1753,BEARISH,-13.7,0,0.064367,286939.50044404,0,,,bloqueado G4,20260518_1549,
2026-05-18 15:49:48,DINGOUSDT,0,NONE,G1|G2,G4,2.0725,BULLISH,16.9,0,2.06224E-05,851453771.66408587,0,,,bloqueado G4,20260518_1549,
2026-05-18 15:49:48,PROMUSDT,0,NONE,G1|G2,G4,2.2938,BEARISH,-34.48,0,1.1449,4052.74019347,0,,,bloqueado G4,20260518_1549,
2026-05-18 15:49:49,APRUSDT,0,NONE,G1|G2,G4,4.204,BULLISH,21.81,0,0.1664,102581.93587966,0,,,bloqueado G4,20260518_1549,
2026-05-18 15:49:49,BC2USDT,0,NONE,G1|G2,G4,3.0406,NEUTRAL,3.35,0,0.3703,50570.11967252,0,,,bloqueado G4,20260518_1549,
2026-05-18 15:49:49,TRACUSDT,0,NONE,G1|G2,G4,8.8838,BULLISH,35.41,0,0.4417,79450.73796015,0,,,bloqueado G4,20260518_1549,
2026-05-18 15:51:07,FIDAUSDT,0,NONE,G1|G2,G4,2.522,NEUTRAL,-5.23,0,0.022774,589771.5060477,0,,,bloqueado G4,20260518_1551,
2026-05-18 15:51:08,VINEUSDT,0,NONE,G1|G2,G4,3.2575,BULLISH,8.47,0,0.017233,920493.01443744,0,,,bloqueado G4,20260518_1551,
2026-05-18 15:51:08,SWCHUSDT,0,NONE,G1|G2,G4,2.1756,BEARISH,-14.01,0,0.064141,286984.90044404,0,,,bloqueado G4,20260518_1551,
2026-05-18 15:51:08,DINGOUSDT,0,NONE,G1|G2,G4,2.0728,BULLISH,17.18,0,2.06727E-05,851569271.66408587,0,,,bloqueado G4,20260518_1551,
2026-05-18 15:51:09,PROMUSDT,0,NONE,G1|G2,G4,2.2951,BEARISH,-34.48,0,1.1449,4055.02019347,0,,,bloqueado G4,20260518_1551,
2026-05-18 15:51:09,APRUSDT,0,NONE,G1|G2,G4,4.205,BULLISH,22.17,0,0.1664,102605.43587966,0,,,bloqueado G4,20260518_1551,
2026-05-18 15:51:09,BC2USDT,0,NONE,G1|G2,G4,3.0409,NEUTRAL,3.07,0,0.3693,50575.86967252,0,,,bloqueado G4,20260518_1551,
2026-05-18 15:51:10,TRACUSDT,0,NONE,G1|G2,G4,8.8915,BULLISH,34.95,0,0.4402,79519.36566939,0,,,bloqueado G4,20260518_1551,
2026-05-18 15:52:19,FIDAUSDT,0,NONE,G1|G2,G4,2.5223,NEUTRAL,-5.44,0,0.022725,589828.5060477,0,,,bloqueado G4,20260518_1552,
2026-05-18 15:52:20,VINEUSDT,0,NONE,G1|G2,G4,3.2579,BULLISH,8.57,0,0.017249,920606.01443744,0,,,bloqueado G4,20260518_1552,
2026-05-18 15:52:24,SWCHUSDT,0,NONE,G1|G2,G4,2.1758,BEARISH,-13.7,0,0.064367,287007.30044404,0,,,bloqueado G4,20260518_1552,
2026-05-18 15:52:25,DINGOUSDT,0,NONE,G1|G2,G4,2.0729,BULLISH,17.18,0,2.06727E-05,851624771.66408587,0,,,bloqueado G4,20260518_1552,
2026-05-18 15:52:26,PROMUSDT,0,NONE,G1|G2,G4,2.2957,BEARISH,-34.49,0,1.1448,4056.21019347,0,,,bloqueado G4,20260518_1552,
2026-05-18 15:52:27,APRUSDT,0,NONE,G1|G2,G4,4.2054,BULLISH,22.17,0,0.1664,102616.93587966,0,,,bloqueado G4,20260518_1552,
2026-05-18 15:52:28,BC2USDT,0,NONE,G1|G2,G4,3.0413,NEUTRAL,3.07,0,0.3693,50581.36967252,0,,,bloqueado G4,20260518_1552,
2026-05-18 15:52:31,TRACUSDT,0,NONE,G1|G2,G4,8.8922,BULLISH,34.09,0,0.4374,79525.21566939,0,,,bloqueado G4,20260518_1552,
2026-05-18 15:53:55,FIDAUSDT,0,NONE,G1|G2,G4,2.5225,NEUTRAL,-5.44,0,0.022725,589884.0060477,0,,,bloqueado G4,20260518_1553,
2026-05-18 15:53:55,VINEUSDT,0,NONE,G1|G2,G4,3.2583,BULLISH,8.57,0,0.017249,920718.01443744,0,,,bloqueado G4,20260518_1553,
2026-05-18 15:53:56,SWCHUSDT,0,NONE,G1|G2,G4,2.1761,BEARISH,-13.7,0,0.064366,287053.70044404,0,,,bloqueado G4,20260518_1553,
2026-05-18 15:53:56,DINGOUSDT,0,NONE,G1|G2,G4,2.073,BULLISH,17.18,0,2.06425E-05,851680271.66408587,0,,,bloqueado G4,20260518_1553,
2026-05-18 15:53:56,PROMUSDT,0,NONE,G1|G2,G4,2.2964,BEARISH,-34.49,0,1.1464,4057.39019347,0,,,bloqueado G4,20260518_1553,
2026-05-18 15:53:57,APRUSDT,0,NONE,G1|G2,G4,4.2063,BULLISH,22.1,0,0.1663,102639.33587966,0,,,bloqueado G4,20260518_1553,
2026-05-18 15:53:57,BC2USDT,0,NONE,G1|G2,G4,3.0436,NEUTRAL,3.35,0,0.3703,50619.91364237,0,,,bloqueado G4,20260518_1553,
2026-05-18 15:53:57,TRACUSDT,0,NONE,G1|G2,G4,8.8935,BULLISH,34.09,0,0.4374,79536.81566939,0,,,bloqueado G4,20260518_1553,
2026-05-18 15:55:29,FIDAUSDT,0,NONE,G1|G2,G4,2.523,NEUTRAL,-5.69,0,0.022665,589997.0060477,0,,,bloqueado G4,20260518_1555,
2026-05-18 15:55:31,VINEUSDT,0,NONE,G1|G2,G4,3.2592,BULLISH,8.57,0,0.017249,920951.01443744,0,,,bloqueado G4,20260518_1555,
2026-05-18 15:55:32,SWCHUSDT,0,NONE,G1|G2,G4,2.1763,BEARISH,-13.7,0,0.064366,287076.50044404,0,,,bloqueado G4,20260518_1555,
2026-05-18 15:55:32,DINGOUSDT,0,NONE,G1|G2,G4,2.0733,BULLISH,17.12,0,2.06627E-05,851795271.66408587,0,,,bloqueado G4,20260518_1555,
2026-05-18 15:55:33,PROMUSDT,0,NONE,G1|G2,G4,2.2977,BEARISH,-34.39,0,1.1464,4059.69019347,0,,,bloqueado G4,20260518_1555,
2026-05-18 15:55:33,APRUSDT,0,NONE,G1|G2,G4,4.2068,BULLISH,22.1,0,0.1663,102650.53587966,0,,,bloqueado G4,20260518_1555,
2026-05-18 15:55:34,BC2USDT,0,NONE,G1|G2,G4,3.0439,NEUTRAL,3.35,0,0.3703,50625.76364237,0,,,bloqueado G4,20260518_1555,
2026-05-18 15:55:35,TRACUSDT,0,NONE,G1|G2,G4,8.8941,BULLISH,33.97,0,0.437,79542.51566939,0,,,bloqueado G4,20260518_1555,
2026-05-18 15:56:34,FIDAUSDT,0,NONE,G1|G2,G4,2.5233,NEUTRAL,-5.69,0,0.022665,590055.5060477,0,,,bloqueado G4,20260518_1556,
2026-05-18 15:56:35,VINEUSDT,0,NONE,G1|G2,G4,3.2702,BULLISH,8.77,0,0.01728,924074.77443744,0,,,bloqueado G4,20260518_1556,
2026-05-18 15:56:36,SWCHUSDT,0,NONE,G1|G2,G4,2.1765,BEARISH,-13.7,0,0.064367,287099.70044404,0,,,bloqueado G4,20260518_1556,
2026-05-18 15:56:38,DINGOUSDT,0,NONE,G1|G2,G4,2.0735,BULLISH,17.12,0,2.06627E-05,851850771.66408587,0,,,bloqueado G4,20260518_1556,
2026-05-18 15:56:40,PROMUSDT,0,NONE,G1|G2,G4,2.2984,BEARISH,-34.39,0,1.1464,4060.82019347,0,,,bloqueado G4,20260518_1556,
2026-05-18 15:56:42,APRUSDT,0,NONE,G1|G2,G4,4.2073,BULLISH,21.66,0,0.1658,102661.73587966,0,,,bloqueado G4,20260518_1556,
2026-05-18 15:56:43,BC2USDT,0,NONE,G1|G2,G4,3.0443,NEUTRAL,3.35,0,0.3703,50631.51364237,0,,,bloqueado G4,20260518_1556,
2026-05-18 15:56:43,TRACUSDT,0,NONE,G1|G2,G4,8.8947,BULLISH,33.97,0,0.437,79548.11566939,0,,,bloqueado G4,20260518_1556,
2026-05-18 16:00:17,FIDAUSDT,0,NONE,G1|G2,G4,2.5242,NEUTRAL,-5.67,0,0.022669,590286.0060477,0,,,bloqueado G4,20260518_1600,
2026-05-18 16:00:18,VINEUSDT,0,NONE,G1|G2,G4,3.2714,BULLISH,8.48,0,0.017234,924411.77443744,0,,,bloqueado G4,20260518_1600,
2026-05-18 16:00:19,SWCHUSDT,0,NONE,G1|G2,G4,2.1772,BEARISH,-13.7,0,0.064366,287191.10044404,0,,,bloqueado G4,20260518_1600,
2026-05-18 16:00:19,DINGOUSDT,0,NONE,G1|G2,G4,2.074,BULLISH,17.15,0,2.06677E-05,852085771.66408587,0,,,bloqueado G4,20260518_1600,
2026-05-18 16:00:20,PROMUSDT,0,NONE,G1|G2,G4,2.301,BEARISH,-34.5,0,1.1446,4065.41019347,0,,,bloqueado G4,20260518_1600,
2026-05-18 16:00:20,APRUSDT,0,NONE,G1|G2,G4,4.2092,BULLISH,22.17,0,0.1664,102707.83587966,0,,,bloqueado G4,20260518_1600,
2026-05-18 16:00:20,BC2USDT,0,NONE,G1|G2,G4,3.0457,NEUTRAL,3.35,0,0.3703,50654.46364237,0,,,bloqueado G4,20260518_1600,
2026-05-18 16:00:21,TRACUSDT,0,NONE,G1|G2,G4,8.9032,BULLISH,34.27,0,0.438,79623.54939235,0,,,bloqueado G4,20260518_1600,
2026-05-18 16:01:28,FIDAUSDT,0,NONE,G1|G2,G4,2.5245,NEUTRAL,-5.87,0,0.022621,590342.0060477,0,,,bloqueado G4,20260518_1601,
2026-05-18 16:01:28,VINEUSDT,0,NONE,G1|G2,G4,3.2718,BULLISH,8.48,0,0.017234,924521.77443744,0,,,bloqueado G4,20260518_1601,
2026-05-18 16:01:29,SWCHUSDT,0,NONE,G1|G2,G4,2.1774,BEARISH,-13.7,0,0.064366,287214.30044404,0,,,bloqueado G4,20260518_1601,
2026-05-18 16:01:29,DINGOUSDT,0,NONE,G1|G2,G4,2.0742,BULLISH,17.15,0,2.06677E-05,852144771.66408587,0,,,bloqueado G4,20260518_1601,
2026-05-18 16:01:29,PROMUSDT,0,NONE,G1|G2,G4,2.3016,BEARISH,-34.58,0,1.1432,4066.52019347,0,,,bloqueado G4,20260518_1601,
2026-05-18 16:01:30,APRUSDT,0,NONE,G1|G2,G4,4.2096,BULLISH,22.17,0,0.1664,102719.53587966,0,,,bloqueado G4,20260518_1601,
2026-05-18 16:01:30,BC2USDT,0,NONE,G1|G2,G4,3.046,NEUTRAL,3.35,0,0.3703,50660.11364237,0,,,bloqueado G4,20260518_1601,
2026-05-18 16:01:30,TRACUSDT,0,NONE,G1|G2,G4,8.9038,BULLISH,33.35,0,0.435,79629.24939235,0,,,bloqueado G4,20260518_1601,
2026-05-18 16:02:48,FIDAUSDT,0,NONE,G1|G2,G4,2.5247,NEUTRAL,-5.33,0,0.02256,590400.0060477,0,,,bloqueado G4,20260518_1602,
2026-05-18 16:02:49,VINEUSDT,0,NONE,G1|G2,G4,3.2722,BULLISH,8.57,0,0.017264,924639.77443744,0,,,bloqueado G4,20260518_1602,
2026-05-18 16:02:49,SWCHUSDT,0,NONE,G1|G2,G4,2.1775,BEARISH,-13.7,0,0.064366,287237.10044404,0,,,bloqueado G4,20260518_1602,
2026-05-18 16:02:50,DINGOUSDT,0,NONE,G1|G2,G4,2.0743,BULLISH,17.15,0,2.06627E-05,852202271.66408587,0,,,bloqueado G4,20260518_1602,
2026-05-18 16:02:50,PROMUSDT,0,NONE,G1|G2,G4,2.3022,BEARISH,-34.5,0,1.1446,4067.64019347,0,,,bloqueado G4,20260518_1602,
2026-05-18 16:02:50,APRUSDT,0,NONE,G1|G2,G4,4.2133,BULLISH,23.05,0,0.1676,102808.75908252,0,,,bloqueado G4,20260518_1602,
2026-05-18 16:02:51,BC2USDT,0,NONE,G1|G2,G4,3.0463,NEUTRAL,3.35,0,0.3703,50666.01364237,0,,,bloqueado G4,20260518_1602,
2026-05-18 16:02:51,TRACUSDT,0,NONE,G1|G2,G4,8.9044,BULLISH,33.35,0,0.4369,79634.89939235,0,,,bloqueado G4,20260518_1602,
2026-05-18 16:04:19,FIDAUSDT,0,NONE,G1|G2,G4,2.5274,NEUTRAL,-6.16,0,0.022552,591017.43460067,0,,,bloqueado G4,20260518_1604,
2026-05-18 16:04:19,VINEUSDT,0,NONE,G1|G2,G4,3.2748,BULLISH,9.32,0,0.017367,925360.35243948,0,,,bloqueado G4,20260518_1604,
2026-05-18 16:04:19,SWCHUSDT,0,NONE,G1|G2,G4,2.1779,BEARISH,-14.01,0,0.064141,287282.90044404,0,,,bloqueado G4,20260518_1604,
2026-05-18 16:04:20,DINGOUSDT,0,NONE,G1|G2,G4,2.0746,BULLISH,17.12,0,2.06627E-05,852319271.66408587,0,,,bloqueado G4,20260518_1604,
2026-05-18 16:04:20,PROMUSDT,0,NONE,G1|G2,G4,2.3035,BEARISH,-34.42,0,1.1459,4069.92019347,0,,,bloqueado G4,20260518_1604,
2026-05-18 16:04:20,APRUSDT,0,NONE,G1|G2,G4,4.2242,BULLISH,23.13,0,0.1677,103074.01339511,0,,,bloqueado G4,20260518_1604,
2026-05-18 16:04:21,BC2USDT,0,NONE,G1|G2,G4,3.047,NEUTRAL,3.35,0,0.3703,50677.46364237,0,,,bloqueado G4,20260518_1604,
2026-05-18 16:04:21,TRACUSDT,0,NONE,G1|G2,G4,8.9057,BULLISH,33.94,0,0.4369,79646.49939235,0,,,bloqueado G4,20260518_1604,
2026-05-18 16:06:03,FIDAUSDT,0,NONE,G1|G2,G4,2.5276,NEUTRAL,-6.15,0,0.022665,591076.93460067,0,,,bloqueado G4,20260518_1606,
2026-05-18 16:06:04,VINEUSDT,0,NONE,G1|G2,G4,3.2756,BULLISH,9.62,0,0.017415,925587.35243948,0,,,bloqueado G4,20260518_1606,
2026-05-18 16:06:05,SWCHUSDT,0,NONE,G1|G2,G4,2.1839,BEARISH,-13.7,0,0.064367,288077.10044404,0,,,bloqueado G4,20260518_1606,
2026-05-18 16:06:05,DINGOUSDT,0,NONE,G1|G2,G4,2.0749,BULLISH,17.01,0,2.04906E-05,852434771.66408587,0,,,bloqueado G4,20260518_1606,
2026-05-18 16:06:06,PROMUSDT,0,NONE,G1|G2,G4,2.3042,BEARISH,-34.48,0,1.1417,4071.09019347,0,,,bloqueado G4,20260518_1606,
2026-05-18 16:06:06,APRUSDT,0,NONE,G1|G2,G4,4.2251,BULLISH,23.86,0,0.1687,103096.11339511,0,,,bloqueado G4,20260518_1606,
2026-05-18 16:06:07,BC2USDT,0,NONE,G1|G2,G4,3.0477,NEUTRAL,3.35,0,0.3703,50689.01364237,0,,,bloqueado G4,20260518_1606,
2026-05-18 16:06:07,TRACUSDT,0,NONE,G1|G2,G4,8.907,BULLISH,34.3,0,0.4381,79658.29939235,0,,,bloqueado G4,20260518_1606,
2026-05-18 16:06:54,FIDAUSDT,0,NONE,G1|G2,G4,2.5279,NEUTRAL,-5.69,0,0.022553,591133.43460067,0,,,bloqueado G4,20260518_1606,
2026-05-18 16:06:55,VINEUSDT,0,NONE,G1|G2,G4,3.2756,BULLISH,9.62,0,0.01739,925587.35243948,0,,,bloqueado G4,20260518_1606,
2026-05-18 16:06:56,SWCHUSDT,0,NONE,G1|G2,G4,2.1945,BEARISH,-13.7,0,0.064367,289471.2580408,0,,,bloqueado G4,20260518_1606,
2026-05-18 16:06:56,DINGOUSDT,0,NONE,G1|G2,G4,2.0754,BULLISH,16.15,0,2.04906E-05,852649959.91408587,0,,,bloqueado G4,20260518_1606,
2026-05-18 16:06:57,PROMUSDT,0,NONE,G1|G2,G4,2.3048,BEARISH,-34.66,0,1.1446,4072.19019347,0,,,bloqueado G4,20260518_1606,
2026-05-18 16:06:58,APRUSDT,0,NONE,G1|G2,G4,4.2359,BULLISH,23.13,0,0.1677,103361.3677077,0,,,bloqueado G4,20260518_1606,
2026-05-18 16:06:58,BC2USDT,0,NONE,G1|G2,G4,3.0481,NEUTRAL,3.35,0,0.3703,50694.81364237,0,,,bloqueado G4,20260518_1606,
2026-05-18 16:06:59,TRACUSDT,0,NONE,G1|G2,G4,8.9077,BULLISH,34.3,0,0.4381,79664.24939235,0,,,bloqueado G4,20260518_1606,
2026-05-18 16:08:23,FIDAUSDT,0,NONE,G1|G2,G4,2.5283,NEUTRAL,-6.15,0,0.022553,591247.43460067,0,,,bloqueado G4,20260518_1608,
2026-05-18 16:08:23,VINEUSDT,0,NONE,G1|G2,G4,3.2764,BULLISH,9.46,0,0.01739,925822.35243948,0,,,bloqueado G4,20260518_1608,
2026-05-18 16:08:23,SWCHUSDT,0,NONE,G1|G2,G4,2.1963,BEARISH,-13.09,0,0.064821,289716.40923404,0,,,bloqueado G4,20260518_1608,
2026-05-18 16:08:24,DINGOUSDT,0,NONE,G1|G2,G4,2.0757,BULLISH,16.15,0,2.04906E-05,852759737.72917819,0,,,bloqueado G4,20260518_1608,
2026-05-18 16:08:24,PROMUSDT,0,NONE,G1|G2,G4,2.3061,BEARISH,-34.5,0,1.1446,4074.51019347,0,,,bloqueado G4,20260518_1608,
2026-05-18 16:08:24,APRUSDT,0,NONE,G1|G2,G4,4.2364,BULLISH,22.32,0,0.1666,103372.5677077,0,,,bloqueado G4,20260518_1608,
2026-05-18 16:08:24,BC2USDT,0,NONE,G1|G2,G4,3.0484,NEUTRAL,3.35,0,0.3703,50700.66364237,0,,,bloqueado G4,20260518_1608,
2026-05-18 16:08:25,TRACUSDT,0,NONE,G1|G2,G4,8.9084,BULLISH,34.3,0,0.4381,79670.04939235,0,,,bloqueado G4,20260518_1608,
2026-05-18 16:10:49,FIDAUSDT,0,NONE,G1|G2,G4,2.5288,NEUTRAL,-6.15,0,0.022553,591359.93460067,0,,,bloqueado G4,20260518_1610,
2026-05-18 16:10:52,VINEUSDT,0,NONE,G1|G2,G4,3.2772,BULLISH,9.32,0,0.01739,926050.35243948,0,,,bloqueado G4,20260518_1610,
2026-05-18 16:10:53,SWCHUSDT,0,NONE,G1|G2,G4,2.1967,BEARISH,-13.28,0,0.064715,289761.60923404,0,,,bloqueado G4,20260518_1610,
2026-05-18 16:10:54,DINGOUSDT,0,NONE,G1|G2,G4,2.0758,BULLISH,15.51,0,2.03E-05,852815737.72917819,0,,,bloqueado G4,20260518_1610,
2026-05-18 16:10:55,PROMUSDT,0,NONE,G1|G2,G4,2.3074,BEARISH,-34.76,0,1.1446,4076.75019347,0,,,bloqueado G4,20260518_1610,
2026-05-18 16:10:56,APRUSDT,0,NONE,G1|G2,G4,4.2373,BULLISH,22.25,0,0.1666,103395.5677077,0,,,bloqueado G4,20260518_1610,
2026-05-18 16:10:57,BC2USDT,0,NONE,G1|G2,G4,3.0503,NEUTRAL,2.18,0,0.3665,50731.95789351,0,,,bloqueado G4,20260518_1610,
2026-05-18 16:10:58,TRACUSDT,0,NONE,G1|G2,G4,8.9096,BULLISH,34.24,0,0.4379,79681.44939235,0,,,bloqueado G4,20260518_1610,
2026-05-18 17:11:41,FIDAUSDT,0,NONE,G1|G2,G4,2.6487,NEUTRAL,-7.11,0,0.022324,619386.92012701,0,,,bloqueado G4,20260518_1711,
2026-05-18 17:11:42,ALICEUSDT,0,NONE,G1|G2,G4,2.0995,BULLISH,19.19,0,0.1519,40752.46262821,0,,,bloqueado G4,20260518_1711,
2026-05-18 17:11:46,VINEUSDT,0,NONE,G1|G2,G4,3.3167,BULLISH,11.1,0,0.01765,937196.38073723,0,,,bloqueado G4,20260518_1711,
2026-05-18 17:11:48,SWCHUSDT,0,NONE,G1|G2,G4,2.2232,BEARISH,-12.29,0,0.065412,293256.42862825,0,,,bloqueado G4,20260518_1711,
2026-05-18 17:11:49,DINGOUSDT,0,NONE,G1|G2,G4,2.0962,BULLISH,14.32,0,2.01674E-05,861195344.70218921,0,,,bloqueado G4,20260518_1711,
2026-05-18 17:11:51,PROMUSDT,0,NONE,G1|G2,G4,2.3498,BEARISH,-34.63,0,1.1422,4151.68245857,0,,,bloqueado G4,20260518_1711,
2026-05-18 17:11:52,PUPSUSDT,0,NONE,G1|G2,G4,2.5656,BEARISH,-19.53,0,0.002278,2523534.18797895,0,,,bloqueado G4,20260518_1711,
2026-05-18 17:11:54,APRUSDT,0,NONE,G1|G2,G4,4.3367,BULLISH,25.11,0,0.1704,105819.58535947,0,,,bloqueado G4,20260518_1711,
2026-05-18 17:11:56,BC2USDT,0,NONE,G1|G2,G4,3.3391,NEUTRAL,-4.27,0,0.3447,55534.51433741,0,,,bloqueado G4,20260518_1711,
2026-05-18 17:11:57,TRACUSDT,0,NONE,G1|G2,G4,8.9863,BULLISH,40.07,0,0.4569,80367.26010964,0,,,bloqueado G4,20260518_1711,
2026-05-18 17:25:52,FIDAUSDT,0,NONE,G1|G2,G4,2.6571,NEUTRAL,-8.57,0,0.022057,621366.51240622,0,,,bloqueado G4,20260518_1725,
2026-05-18 17:25:52,ALICEUSDT,0,NONE,G1|G2,G4,2.124,BULLISH,17.68,0,0.1487,41227.70581091,0,,,bloqueado G4,20260518_1725,
2026-05-18 17:25:53,VINEUSDT,0,NONE,G1|G2,G4,3.3223,BULLISH,11.36,0,0.017691,938805.38073723,0,,,bloqueado G4,20260518_1725,
2026-05-18 17:25:54,SWCHUSDT,0,NONE,G1|G2,G4,2.2269,BEARISH,-12.28,0,0.064975,293744.63169889,0,,,bloqueado G4,20260518_1725,
2026-05-18 17:25:55,DINGOUSDT,0,NONE,G1|G2,G4,2.1037,BULLISH,14.97,0,2.03614E-05,864271742.373555,0,,,bloqueado G4,20260518_1725,
2026-05-18 17:25:56,PROMUSDT,0,NONE,G1|G2,G4,2.3588,BEARISH,-34.75,0,1.14,4167.67245857,0,,,bloqueado G4,20260518_1725,
2026-05-18 17:25:56,PUPSUSDT,0,NONE,G1|G2,G4,2.5738,BEARISH,-19.5,0,0.002279,2531524.18797895,0,,,bloqueado G4,20260518_1725,
2026-05-18 17:25:57,APRUSDT,0,NONE,G1|G2,G4,4.3473,BULLISH,22.76,0,0.1673,106077.71029484,0,,,bloqueado G4,20260518_1725,
2026-05-18 17:25:58,BC2USDT,0,NONE,G1|G2,G4,3.3502,NEUTRAL,-3.8,0,0.3457,55719.86113035,0,,,bloqueado G4,20260518_1725,
2026-05-18 17:25:59,TRACUSDT,0,NONE,G1|G2,G4,8.9953,BULLISH,39.79,0,0.4557,80447.26010964,0,,,bloqueado G4,20260518_1725,
2026-05-18 18:12:45,FIDAUSDT,0,NONE,G1|G2,G4,2.7157,NEUTRAL,-7.28,0,0.022283,635055.37790045,0,,,bloqueado G4,20260518_1812,
2026-05-18 18:12:48,ALICEUSDT,0,NONE,G1|G2,G4,2.2159,BULLISH,14.43,0,0.1443,43012.00333708,0,,,bloqueado G4,20260518_1812,
2026-05-18 18:12:49,VINEUSDT,0,NONE,G1|G2,G4,3.3415,BULLISH,11.19,0,0.017665,944204.38073723,0,,,bloqueado G4,20260518_1812,
2026-05-18 18:12:50,SWCHUSDT,0,NONE,G1|G2,G4,2.2479,BEARISH,-12.93,0,0.06494,296521.72236565,0,,,bloqueado G4,20260518_1812,
2026-05-18 18:12:50,DINGOUSDT,0,NONE,G1|G2,G4,2.1158,BULLISH,14.28,0,2.01603E-05,869236354.9012146,0,,,bloqueado G4,20260518_1812,
2026-05-18 18:12:51,PROMUSDT,0,NONE,G1|G2,G4,2.3936,BEARISH,-34.76,0,1.14,4229.03414905,0,,,bloqueado G4,20260518_1812,
2026-05-18 18:12:52,PUPSUSDT,0,NONE,G1|G2,G4,2.619,BEARISH,-18.16,0,0.002317,2576020.40177355,0,,,bloqueado G4,20260518_1812,
2026-05-18 18:12:53,APRUSDT,0,NONE,G1|G2,G4,4.3695,BULLISH,22.47,0,0.167,106619.61029484,0,,,bloqueado G4,20260518_1812,
2026-05-18 18:12:53,BC2USDT,0,NONE,G1|G2,G4,3.4476,NEUTRAL,3.04,0,0.3692,57340.10165952,0,,,bloqueado G4,20260518_1812,
2026-05-18 18:12:56,TRACUSDT,0,NONE,G1|G2,G4,9.1083,BULLISH,41.08,0,0.4598,81458.49760145,0,,,bloqueado G4,20260518_1812,
2026-05-18 19:13:22,FIDAUSDT,0,NONE,G1|G2,G4,2.7645,NEUTRAL,-9.51,0,0.021746,646476.82420968,0,,,bloqueado G4,20260518_1913,
2026-05-18 19:13:23,ALICEUSDT,0,NONE,G1|G2,G4,2.2671,BULLISH,12.21,0,0.1415,44005.92718499,0,,,bloqueado G4,20260518_1913,
2026-05-18 19:13:23,VINEUSDT,0,NONE,G1|G2,G4,3.3662,BULLISH,11.83,0,0.017766,951190.38073723,0,,,bloqueado G4,20260518_1913,
2026-05-18 19:13:23,DINGOUSDT,0,NONE,G1|G2,G4,2.166,BULLISH,13.71,0,2.00597E-05,889874635.84740317,0,,,bloqueado G4,20260518_1913,
2026-05-18 19:13:24,PROMUSDT,0,NONE,G1|G2,G4,2.4377,BEARISH,-34.07,0,1.152,4307.03326266,0,,,bloqueado G4,20260518_1913,
2026-05-18 19:13:24,PUPSUSDT,0,NONE,G1|G2,G4,2.6646,BEARISH,-18.16,0,0.002317,2620915.07239748,0,,,bloqueado G4,20260518_1913,
2026-05-18 19:13:24,APRUSDT,0,NONE,G1|G2,G4,4.4016,BULLISH,23.2,0,0.1678,107404.67993372,0,,,bloqueado G4,20260518_1913,
2026-05-18 19:13:24,BC2USDT,0,NONE,G1|G2,G4,3.6054,NEUTRAL,4.07,0,0.3729,59963.75226037,0,,,bloqueado G4,20260518_1913,
2026-05-18 19:13:25,TRACUSDT,0,NONE,G1|G2,G4,9.1657,BULLISH,36.24,0,0.4444,81971.14139049,0,,,bloqueado G4,20260518_1913,
2026-05-18 19:52:29,ATUSDT,0,NONE,G1|G2,G4,2.2221,BEARISH,-38.56,0,0.09889,44662.50861073,0,,,bloqueado G4,20260518_1952,
2026-05-18 19:52:30,FIDAUSDT,0,NONE,G1|G2,G4,2.8767,BEARISH,-10.69,0,0.021462,672710.1917984,0,,,bloqueado G4,20260518_1952,
2026-05-18 19:52:31,OBOLUSDT,0,NONE,G1|G2,G4,2.017,BULLISH,8.84,0,0.009968,656898.55419069,0,,,bloqueado G4,20260518_1952,
2026-05-18 19:52:31,ALICEUSDT,0,NONE,G1|G2,G4,2.2901,BULLISH,10.23,0,0.139,44452.22718499,0,,,bloqueado G4,20260518_1952,
2026-05-18 19:52:32,VINEUSDT,0,NONE,G1|G2,G4,3.3892,BULLISH,12.26,0,0.017834,957687.34249927,0,,,bloqueado G4,20260518_1952,
2026-05-18 19:52:32,DINGOUSDT,0,NONE,G1|G2,G4,2.1715,BULLISH,13.07,0,1.99475E-05,892114135.84740317,0,,,bloqueado G4,20260518_1952,
2026-05-18 19:52:33,PROMUSDT,0,NONE,G1|G2,G4,2.4628,BEARISH,-34.5,0,1.1445,4351.35326266,0,,,bloqueado G4,20260518_1952,
2026-05-18 19:52:33,PUPSUSDT,0,NONE,G1|G2,G4,2.6873,BEARISH,-18.3,0,0.002313,2643205.07239748,0,,,bloqueado G4,20260518_1952,
2026-05-18 19:52:33,APRUSDT,0,NONE,G1|G2,G4,4.4222,BULLISH,22.69,0,0.1671,107905.75467372,0,,,bloqueado G4,20260518_1952,
2026-05-18 19:52:34,BC2USDT,0,NONE,G1|G2,G4,3.6586,NEUTRAL,0.36,0,0.3596,60849.6086794,0,,,bloqueado G4,20260518_1952,
2026-05-18 19:52:34,TRACUSDT,0,NONE,G1|G2,G4,9.2054,BULLISH,33.29,0,0.4348,82326.87457413,0,,,bloqueado G4,20260518_1952,
2026-05-18 20:13:53,ATUSDT,0,NONE,G1|G2,G4,2.7701,BEARISH,-37.2,0,0.103139,55676.56689793,0,,,bloqueado G4,20260518_2013,
2026-05-18 20:13:54,FIDAUSDT,0,NONE,G1|G2,G4,2.8819,BEARISH,-10.35,0,0.02155,673917.1917984,0,,,bloqueado G4,20260518_2013,
2026-05-18 20:13:54,OBOLUSDT,0,NONE,G1|G2,G4,2.0279,BULLISH,7.21,0,0.009818,660437.28376925,0,,,bloqueado G4,20260518_2013,
2026-05-18 20:13:54,ALICEUSDT,0,NONE,G1|G2,G4,2.3039,BULLISH,10.07,0,0.1388,44718.78738722,0,,,bloqueado G4,20260518_2013,
2026-05-18 20:13:54,VINEUSDT,0,NONE,G1|G2,G4,3.3999,BULLISH,12.44,0,0.017864,960712.31613955,0,,,bloqueado G4,20260518_2013,
2026-05-18 20:13:55,DINGOUSDT,0,NONE,G1|G2,G4,2.1944,BULLISH,13.62,0,2.00439E-05,901530736.61832058,0,,,bloqueado G4,20260518_2013,
2026-05-18 20:13:55,PUPSUSDT,0,NONE,G1|G2,G4,2.7001,BEARISH,-18.3,0,0.002313,2655772.57459408,0,,,bloqueado G4,20260518_2013,
2026-05-18 20:13:55,APRUSDT,0,NONE,G1|G2,G4,4.4321,BULLISH,22.76,0,0.167,108147.25467372,0,,,bloqueado G4,20260518_2013,
2026-05-18 20:13:56,BC2USDT,0,NONE,G1|G2,G4,3.6666,NEUTRAL,0.36,0,0.3596,60981.95760151,0,,,bloqueado G4,20260518_2013,
2026-05-18 20:13:56,TRACUSDT,0,NONE,G1|G2,G4,9.219,BULLISH,33.6,0,0.4358,82447.97457413,0,,,bloqueado G4,20260518_2013,
2026-05-18 20:13:56,PROMUSDT,0,NONE,G1,G1B,2.4765,BEARISH,-34.62,0,1.1425,4375.52326266,0,,,BLOQUEADO -- G1B: spike de distribuicao (chg=-34.62% com spike 2.4765x),20260518_2013,
2026-05-18 23:15:05,ONTUSDT,0,NONE,G1|G2,G4,2.0563,BULLISH,10.03,0,0.064995,216593.80909604,0,,,bloqueado G4,20260518_2315,
2026-05-19 00:15:24,ONTUSDT,0,NONE,G1|G2,G4,2.4503,BULLISH,15.41,0,0.067076,258085.65666743,0,,,bloqueado G4,20260519_0015,
2026-05-19 01:15:44,ONTUSDT,0,NONE,G1|G2,G4,2.6966,BULLISH,13.56,0,0.066002,284036.59513105,0,,,bloqueado G4,20260519_0115,
2026-05-19 02:16:05,ONTUSDT,0,NONE,G1|G2,G4,2.801,BULLISH,11.47,0,0.064784,295028.39857128,0,,,bloqueado G4,20260519_0216,
2026-05-19 03:16:41,ONTUSDT,0,NONE,G1|G2,G4,3.1301,BULLISH,10.81,0,0.064404,329697.19594937,0,,,bloqueado G4,20260519_0316,
2026-05-19 04:17:05,ONTUSDT,0,NONE,G1|G2,G4,3.1431,BULLISH,8.56,0,0.063094,331067.19594937,0,,,bloqueado G4,20260519_0417,
2026-05-19 05:17:25,ONTUSDT,0,NONE,G1|G2,G4,3.334,BULLISH,13.63,0,0.066044,351172.19505744,0,,,bloqueado G4,20260519_0517,
2026-05-19 06:17:48,INJUSDT,0,NONE,G1|G2,G4,2.1802,NEUTRAL,-2.72,0,5.0031,73296.71362508,0,,,bloqueado G4,20260519_0617,
2026-05-19 06:17:48,ONTUSDT,0,NONE,G1|G2,G4,3.3501,BULLISH,12.13,0,0.065209,352869.19806004,0,,,bloqueado G4,20260519_0617,
2026-05-19 07:18:11,INJUSDT,0,NONE,G1|G2,G4,2.2224,NEUTRAL,-2.87,0,4.9994,74712.52745963,0,,,bloqueado G4,20260519_0718,
2026-05-19 07:18:12,ONTUSDT,0,NONE,G1|G2,G4,3.4532,BULLISH,13.28,0,0.065839,363731.41788125,0,,,bloqueado G4,20260519_0718,
2026-05-19 08:18:33,INJUSDT,0,NONE,G1|G2,G4,2.2712,NEUTRAL,-3.69,0,4.9516,76354.48322666,0,,,bloqueado G4,20260519_0818,
2026-05-19 08:18:33,ONTUSDT,0,NONE,G1|G2,G4,4.1578,BULLISH,13.94,0,0.066221,437946.97625419,0,,,bloqueado G4,20260519_0818,
2026-05-19 08:18:33,BLUAIUSDT,0,NONE,G1,G1B,2.1003,BEARISH,-17.68,0,0.013185,1257861.34076584,0,,,BLOQUEADO -- G1B: spike de distribuicao (chg=-17.68% com spike 2.1003x),20260519_0818,
2026-05-19 09:18:54,INJUSDT,0,NONE,G1|G2,G4,2.2958,NEUTRAL,-4.56,0,4.9052,77181.6878957,0,,,bloqueado G4,20260519_0918,
2026-05-19 09:18:54,ONTUSDT,0,NONE,G1|G2,G4,5.4168,BULLISH,15.21,0,0.066958,570552.89808575,0,,,bloqueado G4,20260519_0918,
2026-05-19 09:18:54,BLUAIUSDT,0,NONE,G1,G1B,2.5831,BEARISH,-22.53,0,0.012409,1547024.32648887,0,,,BLOQUEADO -- G1B: spike de distribuicao (chg=-22.53% com spike 2.5831x),20260519_0918,
2026-05-19 10:19:27,PHBUSDT,0,NONE,G1|G2,G4,2.1013,BEARISH,-16.69,0,0.0549,152375.04164373,0,,,bloqueado G4,20260519_1019,
2026-05-19 10:19:27,ONTUSDT,0,NONE,G1|G2,G4,5.4298,BULLISH,11.62,0,0.064938,571924.69808575,0,,,bloqueado G4,20260519_1019,
2026-05-19 10:19:28,LVVAUSDT,0,NONE,G1|G2,G4,2.0978,BULLISH,27.97,0,0.000851,16911892.70404401,0,,,bloqueado G4,20260519_1019,
2026-05-19 10:19:28,INJUSDT,50,DISCOVERY,G1|G3|G4,G6,2.3135,NEUTRAL,-4.33,0,4.9181,77777.79384033,2.24,0.5,2,score 50 abaixo do threshold 70,20260519_1019,
2026-05-19 10:19:29,BLUAIUSDT,0,NONE,G1,G1B,2.7227,BEARISH,-22.38,0,0.012433,1630637.85574036,0,,,BLOQUEADO -- G1B: spike de distribuicao (chg=-22.38% com spike 2.7227x),20260519_1019,
2026-05-19 11:20:43,INJUSDT,0,NONE,G1|G2,G4,2.3374,NEUTRAL,-4.8,0,4.8915,78578.77812126,0,,,bloqueado G4,20260519_1120,
2026-05-19 11:20:43,PHBUSDT,0,NONE,G1|G2,G4,2.3641,BEARISH,-19.73,0,0.0529,171436.19309568,0,,,bloqueado G4,20260519_1120,
2026-05-19 11:20:43,ONTUSDT,0,NONE,G1|G2,G4,6.0174,BULLISH,10.33,0,0.063688,633812.35570716,0,,,bloqueado G4,20260519_1120,
2026-05-19 11:20:44,LVVAUSDT,0,NONE,G1|G2,G4,2.2678,BULLISH,21.8,0,0.00081,18282432.74826093,0,,,bloqueado G4,20260519_1120,
2026-05-19 11:20:44,BLUAIUSDT,0,NONE,G1,G1B,2.8184,BEARISH,-21.48,0,0.012576,1687924.07164206,0,,,BLOQUEADO -- G1B: spike de distribuicao (chg=-21.48% com spike 2.8184x),20260519_1120,
2026-05-19 12:21:08,PHBUSDT,0,NONE,G1|G2,G4,2.4277,BEARISH,-19.27,0,0.0532,176044.0691251,0,,,bloqueado G4,20260519_1221,
2026-05-19 12:21:09,ONTUSDT,0,NONE,G1|G2,G4,6.1943,BULLISH,10.2,0,0.064046,652450.3195779,0,,,bloqueado G4,20260519_1221,
2026-05-19 12:21:09,ATAUSDT,0,NONE,G1|G2,G4,2.0708,BEARISH,-19.47,0,0.00388,1118338.14140728,0,,,bloqueado G4,20260519_1221,
2026-05-19 12:21:09,LVVAUSDT,0,NONE,G1|G2,G4,2.4209,BULLISH,24.81,0,0.00083,19516480.1371026,0,,,bloqueado G4,20260519_1221,
2026-05-19 12:21:10,INJUSDT,50,DISCOVERY,G1|G3|G4,G6,2.341,NEUTRAL,-4.95,0,4.8899,78702.49581756,2.24,0.5,2,score 50 abaixo do threshold 70,20260519_1221,
2026-05-19 12:21:10,RONUSDT,0,NONE,G1,G1B,2.1488,BEARISH,-11.89,0,0.1139,571217.9271207,0,,,BLOQUEADO -- G1B: spike de distribuicao (chg=-11.89% com spike 2.1488x),20260519_1221,
2026-05-19 12:21:10,BLUAIUSDT,0,NONE,G1,G1B,3.1955,BEARISH,-32.85,0,0.010756,1913798.42441046,0,,,BLOQUEADO -- G1B: spike de distribuicao (chg=-32.85% com spike 3.1955x),20260519_1221,
2026-05-19 13:21:37,INJUSDT,0,NONE,G1|G2,G4,2.357,NEUTRAL,-3.05,0,4.9882,79239.88859777,0,,,bloqueado G4,20260519_1321,
2026-05-19 13:21:37,PHBUSDT,0,NONE,G1|G2,G4,2.5304,BEARISH,-18.21,0,0.0539,183489.57348357,0,,,bloqueado G4,20260519_1321,
2026-05-19 13:21:37,RONUSDT,0,NONE,G1|G2,G4,3.1302,BEARISH,-10.49,0,0.1152,832106.61606285,0,,,bloqueado G4,20260519_1321,
2026-05-19 13:21:38,ONTUSDT,0,NONE,G1|G2,G4,6.2336,BULLISH,10.28,0,0.064094,656590.75167318,0,,,bloqueado G4,20260519_1321,
2026-05-19 13:21:38,ATAUSDT,0,NONE,G1|G2,G4,2.1352,BEARISH,-20.26,0,0.003841,1153126.3965031,0,,,bloqueado G4,20260519_1321,
2026-05-19 13:21:39,OBOLUSDT,0,NONE,G1|G2,G4,2.0091,NEUTRAL,-9.63,0,0.008624,974637.71908657,0,,,bloqueado G4,20260519_1321,
2026-05-19 13:21:39,LVVAUSDT,0,NONE,G1|G2,G4,2.5833,BULLISH,24.96,0,0.000831,20825825.18637782,0,,,bloqueado G4,20260519_1321,
2026-05-19 13:21:39,XCHUSDT,0,NONE,G1|G2,G4,2.0506,BULLISH,24.1,0,3.501,16444.31847584,0,,,bloqueado G4,20260519_1321,
2026-05-19 13:21:40,RLSUSDT,0,NONE,G1|G2,G4,2.3224,BULLISH,51.28,0,0.005131,3146497.36909338,0,,,bloqueado G4,20260519_1321,
2026-05-19 13:21:40,BLUAIUSDT,0,NONE,G1,G1B,4.1794,BEARISH,-39.44,0,0.009653,2503030.8938952,0,,,BLOQUEADO -- G1B: spike de distribuicao (chg=-39.44% com spike 4.1794x),20260519_1321,
2026-05-19 14:08:53,INJUSDT,0,NONE,G1|G2,G4,2.3799,NEUTRAL,-1.54,0,5.07,80010.01577447,0,,,bloqueado G4,20260519_1408,
2026-05-19 14:08:54,PHBUSDT,0,NONE,G1|G2,G4,2.638,BEARISH,-14.57,0,0.0563,191295.21540524,0,,,bloqueado G4,20260519_1408,
2026-05-19 14:08:54,RONUSDT,0,NONE,G1|G2,G4,3.1799,BEARISH,-12.2,0,0.1129,845335.55862679,0,,,bloqueado G4,20260519_1408,
2026-05-19 14:08:54,ONTUSDT,0,NONE,G1|G2,G4,6.4482,BULLISH,8.76,0,0.063147,679188.73107703,0,,,bloqueado G4,20260519_1408,
2026-05-19 14:08:55,ATAUSDT,0,NONE,G1|G2,G4,2.3333,BEARISH,-16.83,0,0.004007,1260112.02465983,0,,,bloqueado G4,20260519_1408,
2026-05-19 14:08:55,OBOLUSDT,0,NONE,G1|G2,G4,2.0314,BEARISH,-10.42,0,0.008549,985437.71908657,0,,,bloqueado G4,20260519_1408,
2026-05-19 14:08:55,LVVAUSDT,0,NONE,G1|G2,G4,2.6326,BULLISH,25.56,0,0.000871,21223354.238233149,0,,,bloqueado G4,20260519_1408,
2026-05-19 14:08:56,XCHUSDT,0,NONE,G1|G2,G4,2.264,BULLISH,30,0,3.6713,18155.67726402,0,,,bloqueado G4,20260519_1408,
2026-05-19 14:08:56,RLSUSDT,0,NONE,G1|G2,G4,3.4823,BULLISH,48.83,0,0.005358,4717955.68014182,0,,,bloqueado G4,20260519_1408,
2026-05-19 14:08:56,BLUAIUSDT,0,NONE,G1,G1B,4.3479,BEARISH,-40.95,0,0.009458,2603951.23240522,0,,,BLOQUEADO -- G1B: spike de distribuicao (chg=-40.95% com spike 4.3479x),20260519_1408,
2026-05-19 14:12:53,INJUSDT,0,NONE,G1|G2,G4,2.3818,NEUTRAL,-2.15,0,5.0363,80074.46565186,0,,,bloqueado G4,20260519_1412,
2026-05-19 14:12:54,PHBUSDT,0,NONE,G1|G2,G4,2.6392,BEARISH,-14.57,0,0.0561,191384.21540524,0,,,bloqueado G4,20260519_1412,
2026-05-19 14:12:54,RONUSDT,0,NONE,G1|G2,G4,3.181,BEARISH,-12.35,0,0.1128,845610.25862679,0,,,bloqueado G4,20260519_1412,
2026-05-19 14:12:54,ONTUSDT,0,NONE,G1|G2,G4,6.4491,BULLISH,8.28,0,0.062885,679281.13107703,0,,,bloqueado G4,20260519_1412,
2026-05-19 14:12:55,ATAUSDT,0,NONE,G1|G2,G4,2.3386,BEARISH,-16.83,0,0.004007,1262972.91761595,0,,,bloqueado G4,20260519_1412,
2026-05-19 14:12:55,OBOLUSDT,0,NONE,G1|G2,G4,2.0333,BEARISH,-10.43,0,0.008548,986347.71908657,0,,,bloqueado G4,20260519_1412,
2026-05-19 14:12:55,LVVAUSDT,0,NONE,G1|G2,G4,2.6631,BULLISH,32.33,0,0.00088,21469278.800680541,0,,,bloqueado G4,20260519_1412,
2026-05-19 14:12:55,XCHUSDT,0,NONE,G1|G2,G4,2.2657,BULLISH,29.7,0,3.6626,18169.27726402,0,,,bloqueado G4,20260519_1412,
2026-05-19 14:12:56,RLSUSDT,0,NONE,G1|G2,G4,3.4877,BULLISH,49.83,0,0.005394,4725331.47862685,0,,,bloqueado G4,20260519_1412,
2026-05-19 14:12:56,BLUAIUSDT,0,NONE,G1,G1B,4.3486,BEARISH,-40.94,0,0.00946,2604408.23240522,0,,,BLOQUEADO -- G1B: spike de distribuicao (chg=-40.94% com spike 4.3486x),20260519_1412,
2026-05-19 14:22:11,INJUSDT,0,NONE,G1|G2,G4,2.4012,NEUTRAL,-1.93,0,5.0498,80724.80332979,0,,,bloqueado G4,20260519_1422,
2026-05-19 14:22:11,PHBUSDT,0,NONE,G1|G2,G4,2.6428,BEARISH,-13.96,0,0.0567,191641.19317827,0,,,bloqueado G4,20260519_1422,
2026-05-19 14:22:12,RONUSDT,0,NONE,G1|G2,G4,3.1833,BEARISH,-11.19,0,0.1142,846236.95862679,0,,,bloqueado G4,20260519_1422,
2026-05-19 14:22:13,ONTUSDT,0,NONE,G1|G2,G4,6.4512,BULLISH,7.96,0,0.062748,679508.13107703,0,,,bloqueado G4,20260519_1422,
2026-05-19 14:22:13,ATAUSDT,0,NONE,G1|G2,G4,2.5346,BEARISH,-15.34,0,0.004079,1368809.93235974,0,,,bloqueado G4,20260519_1422,
2026-05-19 14:22:13,OBOLUSDT,0,NONE,G1|G2,G4,2.0379,BEARISH,-10.43,0,0.008548,988609.71908657,0,,,bloqueado G4,20260519_1422,
2026-05-19 14:22:14,LVVAUSDT,0,NONE,G1|G2,G4,2.6835,BULLISH,26.32,0,0.00084,21633113.496661849,0,,,bloqueado G4,20260519_1422,
2026-05-19 14:22:14,RLSUSDT,0,NONE,G1|G2,G4,3.5177,BULLISH,46.03,0,0.005229,4765994.93829063,0,,,bloqueado G4,20260519_1422,
2026-05-19 14:22:14,XCHUSDT,80,DISCOVERY,G1|G2|G3|G4|G6|G8-MID,,2.2753,BULLISH,27.75,0,3.6078,18245.54943011,2.24,0.5,2,DISCOVERY score=80 gates=G1;G2;G3;G4;G6;G8-MID,20260519_1422,
2026-05-19 14:22:15,BLUAIUSDT,0,NONE,G1,G1B,4.4119,BEARISH,-41.05,0,0.009442,2642267.84636173,0,,,BLOQUEADO -- G1B: spike de distribuicao (chg=-41.05% com spike 4.4119x),20260519_1422,
2026-05-19 15:22:44,INJUSDT,0,NONE,G1|G2,G4,2.4155,NEUTRAL,-2.76,0,5.0022,81205.95335776,0,,,bloqueado G4,20260519_1522,
2026-05-19 15:22:45,PHBUSDT,0,NONE,G1|G2,G4,2.7895,BEARISH,-17.45,0,0.0544,202282.98663707,0,,,bloqueado G4,20260519_1522,
2026-05-19 15:22:46,RONUSDT,0,NONE,G1|G2,G4,3.3999,BEARISH,-12.9,0,0.1113,903818.56819446,0,,,bloqueado G4,20260519_1522,
2026-05-19 15:22:46,ONTUSDT,0,NONE,G1|G2,G4,6.4877,BULLISH,8.07,0,0.06276,683355.73107702,0,,,bloqueado G4,20260519_1522,
2026-05-19 15:22:47,ATAUSDT,0,NONE,G1|G2,G4,2.8093,BEARISH,-19.39,0,0.003884,1517161.63121608,0,,,bloqueado G4,20260519_1522,
2026-05-19 15:22:47,OBOLUSDT,0,NONE,G1|G2,G4,2.0731,BEARISH,-15.57,0,0.008064,1005651.82331896,0,,,bloqueado G4,20260519_1522,
2026-05-19 15:22:48,LVVAUSDT,0,NONE,G1|G2,G4,2.9213,BULLISH,24.06,0,0.000824,23550343.79992171,0,,,bloqueado G4,20260519_1522,
2026-05-19 15:22:48,XCHUSDT,0,NONE,G1|G2,G4,2.3982,BULLISH,29.34,0,3.6556,19231.68610846,0,,,bloqueado G4,20260519_1522,
2026-05-19 15:22:49,1DOLLARUSDT,0,NONE,G1|G2,G4,2.0249,NEUTRAL,2.56,0,0.00098549,8177158.6666799,0,,,bloqueado G4,20260519_1522,
2026-05-19 15:22:49,RLSUSDT,0,NONE,G1|G2,G4,4.1763,BULLISH,35.39,0,0.004874,5658252.34129905,0,,,bloqueado G4,20260519_1522,
2026-05-19 15:22:49,BLUAIUSDT,0,NONE,G1,G1B,4.5264,BEARISH,-39.79,0,0.009644,2710898.23558709,0,,,BLOQUEADO -- G1B: spike de distribuicao (chg=-39.79% com spike 4.5264x),20260519_1522,
2026-05-19 16:23:17,INJUSDT,0,NONE,G1|G2,G4,2.418,NEUTRAL,-4.68,0,4.9076,81291.31367386,0,,,bloqueado G4,20260519_1623,
2026-05-19 16:23:17,PHBUSDT,0,NONE,G1|G2,G4,2.8554,BEARISH,-18.82,0,0.0535,207062.54713787,0,,,bloqueado G4,20260519_1623,
2026-05-19 16:23:17,RONUSDT,0,NONE,G1|G2,G4,3.5125,BEARISH,-15.85,0,0.1083,933736.8411326,0,,,bloqueado G4,20260519_1623,
2026-05-19 16:23:18,ONTUSDT,0,NONE,G1|G2,G4,6.501,BULLISH,8.42,0,0.063015,684753.73107702,0,,,bloqueado G4,20260519_1623,
2026-05-19 16:23:18,PIZZAUSDT,0,NONE,G1|G2,G4,2.0973,NEUTRAL,0.43,0,0.076111,75538.93361939,0,,,bloqueado G4,20260519_1623,
2026-05-19 16:23:18,ATAUSDT,0,NONE,G1|G2,G4,2.9638,BEARISH,-18.62,0,0.003921,1600591.37921608,0,,,bloqueado G4,20260519_1623,
2026-05-19 16:23:18,OBOLUSDT,0,NONE,G1|G2,G4,2.112,BEARISH,-14.89,0,0.008122,1024561.29547515,0,,,bloqueado G4,20260519_1623,
2026-05-19 16:23:19,SDUSDT,0,NONE,G1|G2,G4,2.1186,BULLISH,29.02,0,0.1885,41335.82691006,0,,,bloqueado G4,20260519_1623,
2026-05-19 16:23:19,LVVAUSDT,0,NONE,G1|G2,G4,2.9624,BULLISH,24.81,0,0.00083,23881533.7752314,0,,,bloqueado G4,20260519_1623,
2026-05-19 16:23:19,XCHUSDT,0,NONE,G1|G2,G4,3.2103,BULLISH,20.45,0,3.4078,25743.91626472,0,,,bloqueado G4,20260519_1623,
2026-05-19 16:23:20,1DOLLARUSDT,0,NONE,G1|G2,G4,2.0893,NEUTRAL,1.99,0,0.00097995,8437533.84922572,0,,,bloqueado G4,20260519_1623,
2026-05-19 16:23:20,RLSUSDT,0,NONE,G1|G2,G4,4.3042,BULLISH,36.5,0,0.004914,5831619.32164975,0,,,bloqueado G4,20260519_1623,
2026-05-19 16:23:20,BLUAIUSDT,0,NONE,G1,G1B,4.602,BEARISH,-42.42,0,0.009222,2756163.70769434,0,,,BLOQUEADO -- G1B: spike de distribuicao (chg=-42.42% com spike 4.602x),20260519_1623,
2026-05-19 17:23:43,INJUSDT,0,NONE,G1|G2,G4,2.4214,NEUTRAL,-3.71,0,4.953,81404.80256426,0,,,bloqueado G4,20260519_1723,
2026-05-19 17:23:44,PHBUSDT,0,NONE,G1|G2,G4,3.1996,BEARISH,-10.32,0,0.0591,232018.12269508,0,,,bloqueado G4,20260519_1723,
2026-05-19 17:23:44,RONUSDT,0,NONE,G1|G2,G4,3.5319,BEARISH,-17.02,0,0.1068,938898.62703609,0,,,bloqueado G4,20260519_1723,
2026-05-19 17:23:44,ONTUSDT,0,NONE,G1|G2,G4,6.514,BULLISH,8.56,0,0.063093,686118.13107702,0,,,bloqueado G4,20260519_1723,
2026-05-19 17:23:45,SYSUSDT,0,NONE,G1|G2,G4,2.0901,BEARISH,-12.04,0,0.004302,2772288.19875364,0,,,bloqueado G4,20260519_1723,
2026-05-19 17:23:45,PIZZAUSDT,0,NONE,G1|G2,G4,2.1628,NEUTRAL,0.49,0,0.076153,77899.75644319,0,,,bloqueado G4,20260519_1723,
2026-05-19 17:23:45,ATAUSDT,0,NONE,G1|G2,G4,3.0485,NEUTRAL,-5.48,0,0.004554,1646363.98110927,0,,,bloqueado G4,20260519_1723,
2026-05-19 17:23:46,OBOLUSDT,0,NONE,G1|G2,G4,2.1402,BEARISH,-14.88,0,0.008123,1038227.29547515,0,,,bloqueado G4,20260519_1723,
2026-05-19 17:23:46,SDUSDT,0,NONE,G1|G2,G4,2.219,BULLISH,29.16,0,0.1887,43296.11044788,0,,,bloqueado G4,20260519_1723,
2026-05-19 17:23:46,LVVAUSDT,0,NONE,G1|G2,G4,3.0293,BULLISH,24.21,0,0.000826,24421480.82140518,0,,,bloqueado G4,20260519_1723,
2026-05-19 17:23:46,XCHUSDT,0,NONE,G1|G2,G4,3.3636,BULLISH,22.36,0,3.4555,26973.53378926,0,,,bloqueado G4,20260519_1723,
2026-05-19 17:23:47,1DOLLARUSDT,0,NONE,G1|G2,G4,2.1233,NEUTRAL,1.99,0,0.00098,8574833.84922572,0,,,bloqueado G4,20260519_1723,
2026-05-19 17:23:47,RLSUSDT,0,NONE,G1|G2,G4,4.4974,BULLISH,35.47,0,0.004832,6093269.48725937,0,,,bloqueado G4,20260519_1723,
2026-05-19 17:23:47,BLUAIUSDT,0,NONE,G1,G1B,4.7369,BEARISH,-43.29,0,0.009084,2836913.6836758,0,,,BLOQUEADO -- G1B: spike de distribuicao (chg=-43.29% com spike 4.7369x),20260519_1723,
2026-05-19 18:24:12,PHBUSDT,0,NONE,G1|G2,G4,3.3144,NEUTRAL,-8.35,0,0.0604,240346.41622107,0,,,bloqueado G4,20260519_1824,
2026-05-19 18:24:12,RONUSDT,0,NONE,G1|G2,G4,3.5544,BEARISH,-16.71,0,0.1072,944869.87219125,0,,,bloqueado G4,20260519_1824,
2026-05-19 18:24:12,ONTUSDT,0,NONE,G1|G2,G4,6.527,BULLISH,8.58,0,0.063109,687489.13107702,0,,,bloqueado G4,20260519_1824,
2026-05-19 18:24:13,SYSUSDT,0,NONE,G1|G2,G4,2.1541,BEARISH,-10.3,0,0.004387,2857089.65857123,0,,,bloqueado G4,20260519_1824,
2026-05-19 18:24:13,PROMPTUSDT,0,NONE,G1|G2,G4,2.4234,BULLISH,28.84,0,0.04212,238372.2004436,0,,,bloqueado G4,20260519_1824,
2026-05-19 18:24:13,PIZZAUSDT,0,NONE,G1|G2,G4,2.2074,NEUTRAL,0.97,0,0.076519,79505.92173766,0,,,bloqueado G4,20260519_1824,
2026-05-19 18:24:14,ATAUSDT,0,NONE,G1|G2,G4,3.2196,NEUTRAL,-6.79,0,0.004491,1738734.57409071,0,,,bloqueado G4,20260519_1824,
2026-05-19 18:24:14,OBOLUSDT,0,NONE,G1|G2,G4,2.172,BEARISH,-15.98,0,0.008018,1053672.27398121,0,,,bloqueado G4,20260519_1824,
2026-05-19 18:24:14,SDUSDT,0,NONE,G1|G2,G4,2.3189,BULLISH,24.44,0,0.1818,45244.5454746,0,,,bloqueado G4,20260519_1824,
2026-05-19 18:24:15,LVVAUSDT,0,NONE,G1|G2,G4,3.0569,BULLISH,21.5,0,0.000808,24643800.97886239,0,,,bloqueado G4,20260519_1824,
2026-05-19 18:24:15,XCHUSDT,0,NONE,G1|G2,G4,3.629,BULLISH,28.35,0,3.6247,29101.75972017,0,,,bloqueado G4,20260519_1824,
2026-05-19 18:24:15,1DOLLARUSDT,0,NONE,G1|G2,G4,2.1586,NEUTRAL,1.99,0,0.00098,8717423.85592214,0,,,bloqueado G4,20260519_1824,
2026-05-19 18:24:15,RLSUSDT,0,NONE,G1|G2,G4,4.6605,BULLISH,29.36,0,0.004657,6314242.24358747,0,,,bloqueado G4,20260519_1824,
2026-05-19 18:24:16,HONEYUSDT,50,DISCOVERY,G1|G2|G3|G4|G8-MID,G6,2.3573,BULLISH,25.15,0,0.002433,2290784.79979188,2.24,0.5,2,score 50 abaixo do threshold 70,20260519_1824,
2026-05-19 18:24:16,BLUAIUSDT,0,NONE,G1,G1B,4.7871,BEARISH,-43.05,0,0.009121,2867016.03680966,0,,,BLOQUEADO -- G1B: spike de distribuicao (chg=-43.05% com spike 4.7871x),20260519_1824,
2026-05-19 19:24:42,PHBUSDT,0,NONE,G1|G2,G4,3.3394,BEARISH,-10.77,0,0.0588,242158.06632148,0,,,bloqueado G4,20260519_1924,
2026-05-19 19:24:42,RONUSDT,0,NONE,G1|G2,G4,3.57,BEARISH,-18.34,0,0.1048,949032.37219125,0,,,bloqueado G4,20260519_1924,
2026-05-19 19:24:42,ONTUSDT,0,NONE,G1|G2,G4,6.7125,BULLISH,6.16,0,0.061702,707031.64147976,0,,,bloqueado G4,20260519_1924,
2026-05-19 19:24:43,SYSUSDT,0,NONE,G1|G2,G4,2.6902,NEUTRAL,-9.28,0,0.004437,3568201.85949048,0,,,bloqueado G4,20260519_1924,
2026-05-19 19:24:43,PROMPTUSDT,0,NONE,G1|G2,G4,3.7643,BULLISH,58.73,0,0.051384,370265.04624922,0,,,bloqueado G4,20260519_1924,
2026-05-19 19:24:43,PIZZAUSDT,0,NONE,G1|G2,G4,2.2607,NEUTRAL,-4.73,0,0.072199,81423.52152088,0,,,bloqueado G4,20260519_1924,
2026-05-19 19:24:43,ATAUSDT,0,NONE,G1|G2,G4,3.6039,NEUTRAL,-9.19,0,0.004375,1946292.03484356,0,,,bloqueado G4,20260519_1924,
2026-05-19 19:24:44,OBOLUSDT,0,NONE,G1|G2,G4,2.2106,BEARISH,-17.37,0,0.007885,1072372.30264734,0,,,bloqueado G4,20260519_1924,
2026-05-19 19:24:44,SDUSDT,0,NONE,G1|G2,G4,2.3681,BULLISH,21.01,0,0.1768,46205.18434826,0,,,bloqueado G4,20260519_1924,
2026-05-19 19:24:44,LVVAUSDT,0,NONE,G1|G2,G4,3.1018,BULLISH,26.02,0,0.000838,25005598.24962531,0,,,bloqueado G4,20260519_1924,
2026-05-19 19:24:45,XCHUSDT,0,NONE,G1|G2,G4,3.6936,BULLISH,25.93,0,3.5742,29619.44879897,0,,,bloqueado G4,20260519_1924,
2026-05-19 19:24:45,1DOLLARUSDT,0,NONE,G1|G2,G4,2.2566,NEUTRAL,1.84,0,0.00097855,9113038.48618307,0,,,bloqueado G4,20260519_1924,
2026-05-19 19:24:45,RLSUSDT,0,NONE,G1|G2,G4,4.8154,BULLISH,33.83,0,0.004818,6524105.43884768,0,,,bloqueado G4,20260519_1924,
2026-05-19 19:24:45,HONEYUSDT,55,DISCOVERY,G1|G2|G3|G4,G6,2.7603,BULLISH,19.86,0,0.00233,2682406.74802468,2.24,0.5,2,score 55 abaixo do threshold 70,20260519_1924,
2026-05-19 19:24:46,BLUAIUSDT,0,NONE,G1,G1B,4.9643,BEARISH,-41.43,0,0.009381,2973152.51288463,0,,,BLOQUEADO -- G1B: spike de distribuicao (chg=-41.43% com spike 4.9643x),20260519_1924,
2026-05-19 20:25:12,PHBUSDT,0,NONE,G1|G2,G4,3.3968,BEARISH,-12.29,0,0.0581,246315.74829522,0,,,bloqueado G4,20260519_2025,
2026-05-19 20:25:12,RONUSDT,0,NONE,G1|G2,G4,3.5857,BEARISH,-17.48,0,0.1065,953190.37219125,0,,,bloqueado G4,20260519_2025,
2026-05-19 20:25:12,ONTUSDT,0,NONE,G1|G2,G4,6.7298,BULLISH,6.83,0,0.062088,708851.78876885,0,,,bloqueado G4,20260519_2025,
2026-05-19 20:25:12,SYSUSDT,0,NONE,G1|G2,G4,2.8498,BEARISH,-10.71,0,0.00436,3779933.37994272,0,,,bloqueado G4,20260519_2025,
2026-05-19 20:25:13,PROMPTUSDT,0,NONE,G1|G2,G4,18.3433,BULLISH,38.29,0,0.045142,1804298.39258857,0,,,bloqueado G4,20260519_2025,
2026-05-19 20:25:13,PIZZAUSDT,0,NONE,G1|G2,G4,2.3226,NEUTRAL,-5.15,0,0.071882,83654.28496138,0,,,bloqueado G4,20260519_2025,
2026-05-19 20:25:13,ATAUSDT,0,NONE,G1|G2,G4,3.9146,NEUTRAL,-8.76,0,0.004396,2114077.33255014,0,,,bloqueado G4,20260519_2025,
2026-05-19 20:25:14,OBOLUSDT,0,NONE,G1|G2,G4,2.2554,BEARISH,-16.23,0,0.007969,1094092.82111969,0,,,bloqueado G4,20260519_2025,
2026-05-19 20:25:14,SDUSDT,0,NONE,G1|G2,G4,2.4317,BULLISH,18.21,0,0.1728,47444.9784524,0,,,bloqueado G4,20260519_2025,
2026-05-19 20:25:14,LVVAUSDT,0,NONE,G1|G2,G4,3.1524,BULLISH,21.65,0,0.000812,25413308.680473469,0,,,bloqueado G4,20260519_2025,
2026-05-19 20:25:14,XCHUSDT,0,NONE,G1|G2,G4,3.8254,BULLISH,20.19,0,3.3833,30676.14812742,0,,,bloqueado G4,20260519_2025,
2026-05-19 20:25:15,1DOLLARUSDT,0,NONE,G1|G2,G4,2.3054,NEUTRAL,1.22,0,0.00097283,9310018.99807098,0,,,bloqueado G4,20260519_2025,
2026-05-19 20:25:15,RLSUSDT,0,NONE,G1|G2,G4,4.9542,BULLISH,28.67,0,0.004632,6712253.15681839,0,,,bloqueado G4,20260519_2025,
2026-05-19 20:25:15,DEAIUSDT,0,NONE,G1,G1B,2.0113,BEARISH,-11.13,0,0.004134,2108200.86834392,0,,,BLOQUEADO -- G1B: spike de distribuicao (chg=-11.13% com spike 2.0113x),20260519_2025,
2026-05-19 20:25:16,HONEYUSDT,55,DISCOVERY,G1|G2|G3|G4,G6,3.2734,BULLISH,17.44,0,0.002283,3180973.76724605,2.24,0.5,2,score 55 abaixo do threshold 70,20260519_2025,
2026-05-19 20:25:16,BLUAIUSDT,0,NONE,G1,G1B,5.065,BEARISH,-40.24,0,0.0096,3033454.34379699,0,,,BLOQUEADO -- G1B: spike de distribuicao (chg=-40.24% com spike 5.065x),20260519_2025,
2026-05-20 07:29:03,LYXUSDT,0,NONE,G1|G2,G4,2.3686,BULLISH,53.17,0,0.3647,24508.16590779,0,,,bloqueado G4,20260520_0729,
2026-05-20 08:29:20,LYXUSDT,0,NONE,G1|G2,G4,2.427,BULLISH,47.21,0,0.3505,25112.76356081,0,,,bloqueado G4,20260520_0829,
2026-05-20 08:59:07,LYXUSDT,0,NONE,G1|G2,G4,2.4651,BULLISH,49.6,0,0.3562,25506.90789965,0,,,bloqueado G4,20260520_0859,
2026-05-20 09:29:37,LYXUSDT,0,NONE,G1|G2,G4,2.5015,BULLISH,43.64,0,0.342,25883.12354331,0,,,bloqueado G4,20260520_0929,
2026-05-20 09:29:37,PONKEUSDT,0,NONE,G1|G2,G4,2.2614,BULLISH,11.3,0,0.040013,422699.22063474,0,,,bloqueado G4,20260520_0929,
2026-05-20 10:29:53,LYXUSDT,0,NONE,G1|G2,G4,2.6234,BULLISH,28.22,0,0.3084,27144.85640041,0,,,bloqueado G4,20260520_1029,
2026-05-20 10:29:54,PONKEUSDT,0,NONE,G1|G2,G4,2.4494,BULLISH,9.96,0,0.03958,457839.41870248,0,,,bloqueado G4,20260520_1029,
2026-05-20 10:40:15,LYXUSDT,0,NONE,G1|G2,G4,2.6471,BULLISH,29.74,0,0.3089,27390.02497053,0,,,bloqueado G4,20260520_1040,
2026-05-20 10:40:16,PONKEUSDT,0,NONE,G1|G2,G4,2.4571,BULLISH,9.66,0,0.039424,459277.22057931,0,,,bloqueado G4,20260520_1040,
2026-05-20 11:07:31,LYXUSDT,0,NONE,G1|G2,G4,2.6778,BULLISH,31.54,0,0.3132,27708.15548429,0,,,bloqueado G4,20260520_1107,
2026-05-20 11:07:31,PONKEUSDT,0,NONE,G1|G2,G4,2.4654,BULLISH,9.97,0,0.039535,460833.22057931,0,,,bloqueado G4,20260520_1107,
2026-05-20 11:27:00,LYXUSDT,0,NONE,G1|G2,G4,2.6909,BULLISH,28.85,0,0.3068,27843.68147987,0,,,bloqueado G4,20260520_1127,
2026-05-20 11:27:00,PONKEUSDT,0,NONE,G1|G2,G4,2.4757,BULLISH,8.7,0,0.039077,462746.78057931,0,,,bloqueado G4,20260520_1127,
2026-05-20 11:27:00,DASHUSDT,85,DISCOVERY,G1|G2|G3|G4|G5|G6,,2.0324,BULLISH,15.67,0,48.89,65019.86816215,3.93,0.5,2,DISCOVERY score=85 gates=G1;G2;G3;G4;G5;G6,20260520_1127,
2026-05-20 11:30:19,LYXUSDT,0,NONE,G1|G2,G4,2.6926,BULLISH,28.85,0,0.3068,27860.58147987,0,,,bloqueado G4,20260520_1130,
2026-05-20 11:30:19,PONKEUSDT,0,NONE,G1|G2,G4,2.4766,BULLISH,8.7,0,0.039077,462919.28057931,0,,,bloqueado G4,20260520_1130,
2026-05-20 11:30:19,DASHUSDT,85,DISCOVERY,G1|G2|G3|G4|G5|G6,,2.0916,BULLISH,16.24,0,49.23,66914.13252741,2.24,0.5,2,DISCOVERY score=85 gates=G1;G2;G3;G4;G5;G6,20260520_1130,
2026-05-20 11:42:58,LYXUSDT,0,NONE,G1|G2,G4,2.7522,BULLISH,27.55,0,0.3037,28477.14958854,0,,,bloqueado G4,20260520_1142,
2026-05-20 11:42:59,PONKEUSDT,0,NONE,G1|G2,G4,2.4806,BULLISH,8.46,0,0.038991,463670.78057931,0,,,bloqueado G4,20260520_1142,
2026-05-20 11:42:59,DASHUSDT,85,DISCOVERY,G1|G2|G3|G4|G5|G6,,2.2343,BULLISH,16.77,0,49.34,71480.20065005,3.93,0.5,2,DISCOVERY score=85 gates=G1;G2;G3;G4;G5;G6,20260520_1142,
2026-05-20 12:30:43,LYXUSDT,0,NONE,G1|G2,G4,2.8625,BULLISH,24.49,0,0.2964,29619.03932197,0,,,bloqueado G4,20260520_1230,
2026-05-20 12:30:43,PONKEUSDT,0,NONE,G1|G2,G4,2.6134,BULLISH,12.11,0,0.040305,488486.49037026,0,,,bloqueado G4,20260520_1230,
2026-05-20 12:30:43,AURASOLUSDT,0,NONE,G1|G2,G4,2.1356,BULLISH,16.15,0,0.016273,1027090.15281336,0,,,bloqueado G4,20260520_1230,
2026-05-20 12:30:43,DASHUSDT,75,DISCOVERY,G1|G2|G3|G4|G6,,2.6753,BULLISH,13.64,0,47.94,85588.85097378,2.24,0.5,2,DISCOVERY score=75 gates=G1;G2;G3;G4;G6,20260520_1230,
2026-05-20 13:31:11,SWEATUSDT,0,NONE,G1|G2,G4,2.6131,BULLISH,15.22,0,0.0013961,14698912.65771663,0,,,bloqueado G4,20260520_1331,
2026-05-20 13:31:11,LYXUSDT,0,NONE,G1|G2,G4,2.9521,BULLISH,20.54,0,0.287,30546.14508302,0,,,bloqueado G4,20260520_1331,
2026-05-20 13:31:12,PONKEUSDT,0,NONE,G1|G2,G4,2.7545,BULLISH,12.59,0,0.040476,514870.64242962,0,,,bloqueado G4,20260520_1331,
2026-05-20 13:31:12,AURASOLUSDT,0,NONE,G1|G2,G4,2.1707,BULLISH,11.22,0,0.015582,1043987.10714222,0,,,bloqueado G4,20260520_1331,
2026-05-20 13:31:12,DASHUSDT,95,DISCOVERY,G1|G2|G3|G4|G5|G6,,2.8257,BULLISH,13.45,0,47.9,90400.93546394,2.24,0.5,2,DISCOVERY score=95 gates=G1;G2;G3;G4;G5;G6,20260520_1331,
2026-05-20 13:31:13,PLAYUSDT,0,NONE,G1,G1B,2.0595,BEARISH,-14.34,0,0.115817,255992.74887894,0,,,BLOQUEADO -- G1B: spike de distribuicao (chg=-14.34% com spike 2.0595x),20260520_1331,
2026-05-20 14:19:39,SWEATUSDT,0,NONE,G1|G2,G4,2.7683,BULLISH,16.39,0,0.00142432,15572159.660681659,0,,,bloqueado G4,20260520_1419,
2026-05-20 14:19:39,LYXUSDT,0,NONE,G1|G2,G4,3.006,BULLISH,15.29,0,0.2745,31104.0729429,0,,,bloqueado G4,20260520_1419,
2026-05-20 14:19:39,PONKEUSDT,0,NONE,G1|G2,G4,2.7909,BULLISH,12.58,0,0.040472,521672.25605368,0,,,bloqueado G4,20260520_1419,
2026-05-20 14:19:40,AURASOLUSDT,0,NONE,G1|G2,G4,2.2015,BULLISH,11.22,0,0.015582,1058785.54151213,0,,,bloqueado G4,20260520_1419,
2026-05-20 14:19:40,MAPOUSDT,0,NONE,G1|G2,G4,2.8013,BEARISH,-36.74,0,0.001965,2551566.04103096,0,,,bloqueado G4,20260520_1419,
2026-05-20 14:19:40,DASHUSDT,85,DISCOVERY,G1|G2|G3|G4|G5|G6,,2.942,BULLISH,15.91,0,48.74,94119.87949393,9.81,0.5,2,DISCOVERY score=85 gates=G1;G2;G3;G4;G5;G6,20260520_1419,
2026-05-20 14:19:41,PLAYUSDT,0,NONE,G1,G1B,2.1877,BEARISH,-13.13,0,0.117445,271930.00127385,0,,,BLOQUEADO -- G1B: spike de distribuicao (chg=-13.13% com spike 2.1877x),20260520_1419,
2026-05-20 14:21:41,SWEATUSDT,0,NONE,G1|G2,G4,2.7738,BULLISH,15.22,0,0.0013961,15603180.898767659,0,,,bloqueado G4,20260520_1421,
2026-05-20 14:21:42,LYXUSDT,0,NONE,G1|G2,G4,3.0071,BULLISH,15.67,0,0.2755,31115.2229429,0,,,bloqueado G4,20260520_1421,
2026-05-20 14:21:42,PONKEUSDT,0,NONE,G1|G2,G4,2.7915,BULLISH,12.55,0,0.040462,521787.25605368,0,,,bloqueado G4,20260520_1421,
2026-05-20 14:21:42,BBUSDT,0,NONE,G1|G2,G4,2.0896,BULLISH,16.88,0,0.031774,1095461.53831983,0,,,bloqueado G4,20260520_1421,
2026-05-20 14:21:42,AURASOLUSDT,0,NONE,G1|G2,G4,2.202,BULLISH,11.22,0,0.015582,1059014.54151213,0,,,bloqueado G4,20260520_1421,
2026-05-20 14:21:43,MAPOUSDT,0,NONE,G1|G2,G4,3.295,BEARISH,-39.67,0,0.001873,3001256.22350207,0,,,bloqueado G4,20260520_1421,
2026-05-20 14:21:43,DASHUSDT,85,DISCOVERY,G1|G2|G3|G4|G5|G6,,2.9811,BULLISH,16.88,0,49.22,95371.73868111,9.81,0.5,2,DISCOVERY score=85 gates=G1;G2;G3;G4;G5;G6,20260520_1421,
2026-05-20 14:21:43,PLAYUSDT,0,NONE,G1,G1B,2.1903,BEARISH,-13.74,0,0.116628,272248.99333694,0,,,BLOQUEADO -- G1B: spike de distribuicao (chg=-13.74% com spike 2.1903x),20260520_1421,
2026-05-20 14:22:18,SWEATUSDT,0,NONE,G1|G2,G4,2.7738,BULLISH,15.22,0,0.00139337,15603180.898767659,0,,,bloqueado G4,20260520_1422,
2026-05-20 14:22:18,LYXUSDT,0,NONE,G1|G2,G4,3.0085,BULLISH,15.71,0,0.2755,31129.74199916,0,,,bloqueado G4,20260520_1422,
2026-05-20 14:22:19,PONKEUSDT,0,NONE,G1|G2,G4,2.7918,BULLISH,12.59,0,0.040475,521845.75605368,0,,,bloqueado G4,20260520_1422,
2026-05-20 14:22:19,BBUSDT,0,NONE,G1|G2,G4,2.0897,BULLISH,16.98,0,0.0318,1095516.53831983,0,,,bloqueado G4,20260520_1422,
2026-05-20 14:22:19,AURASOLUSDT,0,NONE,G1|G2,G4,2.2022,BULLISH,11.22,0,0.015582,1059133.54151213,0,,,bloqueado G4,20260520_1422,
2026-05-20 14:22:19,MAPOUSDT,0,NONE,G1|G2,G4,3.3083,BEARISH,-39.28,0,0.001886,3013313.38397886,0,,,bloqueado G4,20260520_1422,
2026-05-20 14:22:20,DASHUSDT,85,DISCOVERY,G1|G2|G3|G4|G5|G6,,2.984,BULLISH,17,0,49.53,95464.58914591,9.81,0.5,2,DISCOVERY score=85 gates=G1;G2;G3;G4;G5;G6,20260520_1422,
2026-05-20 14:22:20,PLAYUSDT,0,NONE,G1,G1B,2.1904,BEARISH,-14.04,0,0.116222,272260.79333694,0,,,BLOQUEADO -- G1B: spike de distribuicao (chg=-14.04% com spike 2.1904x),20260520_1422,
2026-05-20 14:23:11,SWEATUSDT,0,NONE,G1|G2,G4,2.7805,BULLISH,14.07,0,0.00138213,15640638.00956925,0,,,bloqueado G4,20260520_1423,
2026-05-20 14:23:12,LYXUSDT,0,NONE,G1|G2,G4,3.0085,BULLISH,15.71,0,0.2754,31129.74199916,0,,,bloqueado G4,20260520_1423,
2026-05-20 14:23:12,PONKEUSDT,0,NONE,G1|G2,G4,2.7921,BULLISH,12.56,0,0.040467,521902.75605368,0,,,bloqueado G4,20260520_1423,
2026-05-20 14:23:12,BBUSDT,0,NONE,G1|G2,G4,2.0897,BULLISH,16.98,0,0.031876,1095516.53831983,0,,,bloqueado G4,20260520_1423,
2026-05-20 14:23:13,AURASOLUSDT,0,NONE,G1|G2,G4,2.2025,BULLISH,11.22,0,0.015582,1059251.54151213,0,,,bloqueado G4,20260520_1423,
2026-05-20 14:23:13,MAPOUSDT,0,NONE,G1|G2,G4,3.3089,BEARISH,-38.67,0,0.001905,3013893.38397886,0,,,bloqueado G4,20260520_1423,
2026-05-20 14:23:13,DASHUSDT,85,DISCOVERY,G1|G2|G3|G4|G5|G6,,3.0079,BULLISH,17.95,0,49.82,96228.08842575,9.81,0.5,2,DISCOVERY score=85 gates=G1;G2;G3;G4;G5;G6,20260520_1423,
2026-05-20 14:23:13,PLAYUSDT,0,NONE,G1,G1B,2.1905,BEARISH,-14.04,0,0.116222,272272.39333694,0,,,BLOQUEADO -- G1B: spike de distribuicao (chg=-14.04% com spike 2.1905x),20260520_1423,
2026-05-20 15:22:41,SWEATUSDT,0,NONE,G1|G2,G4,3.0209,BULLISH,20.5,0,0.00146,16993300.815028891,0,,,bloqueado G4,20260520_1522,
2026-05-20 15:22:41,LYXUSDT,0,NONE,G1|G2,G4,3.0838,BULLISH,13.86,0,0.2711,31908.88982343,0,,,bloqueado G4,20260520_1522,
2026-05-20 15:22:41,PONKEUSDT,0,NONE,G1|G2,G4,2.8228,BULLISH,12.29,0,0.040367,527642.86124228,0,,,bloqueado G4,20260520_1522,
2026-05-20 15:22:41,BBUSDT,0,NONE,G1|G2,G4,2.2429,BULLISH,20.25,0,0.032689,1175867.68397136,0,,,bloqueado G4,20260520_1522,
2026-05-20 15:22:42,AURASOLUSDT,0,NONE,G1|G2,G4,2.22,BULLISH,11.75,0,0.015656,1067656.65313594,0,,,bloqueado G4,20260520_1522,
2026-05-20 15:22:42,MAPOUSDT,0,NONE,G1|G2,G4,3.8899,BEARISH,-36.51,0,0.001972,3543118.07204806,0,,,bloqueado G4,20260520_1522,
2026-05-20 15:22:42,PEPUSDT,0,NONE,G1|G2,G4,3.7723,BULLISH,6,0,0.00012675,157177980.15396225,0,,,bloqueado G4,20260520_1522,
2026-05-20 15:22:43,PLAYUSDT,0,NONE,G1,G1B,2.2452,BEARISH,-14.96,0,0.114972,279081.29987466,0,,,BLOQUEADO -- G1B: spike de distribuicao (chg=-14.96% com spike 2.2452x),20260520_1522,
2026-05-20 15:48:23,SWEATUSDT,0,NONE,G1|G2,G4,4.1152,BULLISH,8.56,0,0.0013154,23148711.0838606,0,,,bloqueado G4,20260520_1548,
2026-05-20 15:48:24,LYXUSDT,0,NONE,G1|G2,G4,3.1032,BULLISH,15.92,0,0.276,32109.10831256,0,,,bloqueado G4,20260520_1548,
2026-05-20 15:48:24,FIDAUSDT,0,NONE,G1|G2,G4,2.0031,BULLISH,39.28,0,0.030163,791209.06761105,0,,,bloqueado G4,20260520_1548,
2026-05-20 15:48:24,PONKEUSDT,0,NONE,G1|G2,G4,2.8535,BULLISH,12.37,0,0.040397,533371.21391628,0,,,bloqueado G4,20260520_1548,
2026-05-20 15:48:24,BBUSDT,0,NONE,G1|G2,G4,2.4592,BULLISH,23.1,0,0.033464,1289255.26959645,0,,,bloqueado G4,20260520_1548,
2026-05-20 15:48:25,AURASOLUSDT,0,NONE,G1|G2,G4,2.2306,BULLISH,10.63,0,0.015499,1072764.4945577,0,,,bloqueado G4,20260520_1548,
2026-05-20 15:48:25,MAPOUSDT,0,NONE,G1|G2,G4,4.0806,BEARISH,-35.54,0,0.002002,3716765.4157146,0,,,bloqueado G4,20260520_1548,
2026-05-20 15:48:25,PEPUSDT,0,NONE,G1|G2,G4,3.8499,BULLISH,9.56,0,0.000131,160412434.68225044,0,,,bloqueado G4,20260520_1548,
2026-05-20 15:48:25,PLAYUSDT,0,NONE,G1,G1B,2.3274,BEARISH,-16.52,0,0.112869,289294.04566813,0,,,BLOQUEADO -- G1B: spike de distribuicao (chg=-16.52% com spike 2.3274x),20260520_1548,
2026-05-20 16:23:08,SWEATUSDT,0,NONE,G1|G2,G4,4.8699,BULLISH,6.18,0,0.00128651,27393985.22324717,0,,,bloqueado G4,20260520_1623,
2026-05-20 16:23:08,LYXUSDT,0,NONE,G1|G2,G4,3.1471,BULLISH,18.9,0,0.2818,32564.01580072,0,,,bloqueado G4,20260520_1623,
2026-05-20 16:23:08,CHIPUSDT,0,NONE,G1|G2,G4,2.0182,BULLISH,10.28,0,0.051725,440978.09671135,0,,,bloqueado G4,20260520_1623,
2026-05-20 16:23:08,SYSUSDT,0,NONE,G1|G2,G4,2.0266,NEUTRAL,-8.71,0,0.003889,3702936.52613075,0,,,bloqueado G4,20260520_1623,
2026-05-20 16:23:09,FIDAUSDT,0,NONE,G1|G2,G4,2.0351,BULLISH,44.31,0,0.031189,803841.97505249,0,,,bloqueado G4,20260520_1623,
2026-05-20 16:23:09,PONKEUSDT,0,NONE,G1|G2,G4,2.8734,BULLISH,11.1,0,0.039929,537097.33019141,0,,,bloqueado G4,20260520_1623,
2026-05-20 16:23:09,BBUSDT,0,NONE,G1|G2,G4,2.6414,BULLISH,20.84,0,0.032862,1384748.75225427,0,,,bloqueado G4,20260520_1623,
2026-05-20 16:23:10,AURASOLUSDT,0,NONE,G1|G2,G4,2.242,BULLISH,10.63,0,0.015499,1078243.91097467,0,,,bloqueado G4,20260520_1623,
2026-05-20 16:23:10,MAPOUSDT,0,NONE,G1|G2,G4,4.157,BEARISH,-34.22,0,0.002043,3786374.73843649,0,,,bloqueado G4,20260520_1623,
2026-05-20 16:23:10,PEPUSDT,0,NONE,G1|G2,G4,3.8728,BULLISH,10.13,0,0.00013168,161364505.1042963,0,,,bloqueado G4,20260520_1623,
2026-05-20 16:23:10,PLAYUSDT,0,NONE,G1,G1B,2.4359,BEARISH,-14.14,0,0.11649,302784.79842175,0,,,BLOQUEADO -- G1B: spike de distribuicao (chg=-14.14% com spike 2.4359x),20260520_1623,
2026-05-20 16:33:05,SWEATUSDT,0,NONE,G1|G2,G4,4.9102,BULLISH,9.62,0,0.0013282,27620433.08783187,0,,,bloqueado G4,20260520_1633,
2026-05-20 16:33:05,LYXUSDT,0,NONE,G1|G2,G4,3.1527,BULLISH,18.61,0,0.2846,32621.71580072,0,,,bloqueado G4,20260520_1633,
2026-05-20 16:33:05,CHIPUSDT,0,NONE,G1|G2,G4,2.0283,BULLISH,11.13,0,0.052125,443175.67648217,0,,,bloqueado G4,20260520_1633,
2026-05-20 16:33:06,SYSUSDT,0,NONE,G1|G2,G4,2.0613,NEUTRAL,-8.61,0,0.003916,3766229.56468515,0,,,bloqueado G4,20260520_1633,
2026-05-20 16:33:06,FIDAUSDT,0,NONE,G1|G2,G4,2.1493,BULLISH,67.06,0,0.036902,848955.50462722,0,,,bloqueado G4,20260520_1633,
2026-05-20 16:33:06,PONKEUSDT,0,NONE,G1|G2,G4,2.8773,BULLISH,10.8,0,0.039865,537826.83369462,0,,,bloqueado G4,20260520_1633,
2026-05-20 16:33:07,BBUSDT,0,NONE,G1|G2,G4,3.2323,BULLISH,22.25,0,0.033235,1694560.63783525,0,,,bloqueado G4,20260520_1633,
2026-05-20 16:33:08,AURASOLUSDT,0,NONE,G1|G2,G4,2.246,BULLISH,10.63,0,0.015499,1080175.29135793,0,,,bloqueado G4,20260520_1633,
2026-05-20 16:33:08,MAPOUSDT,0,NONE,G1|G2,G4,4.1693,BEARISH,-35.48,0,0.002025,3797608.28828156,0,,,bloqueado G4,20260520_1633,
2026-05-20 16:33:08,PEPUSDT,0,NONE,G1|G2,G4,3.8867,BULLISH,10.4,0,0.00013201,161942108.25449219,0,,,bloqueado G4,20260520_1633,
2026-05-20 16:33:09,PLAYUSDT,0,NONE,G1,G1B,2.4472,BEARISH,-14.91,0,0.115047,304181.23997665,0,,,BLOQUEADO -- G1B: spike de distribuicao (chg=-14.91% com spike 2.4472x),20260520_1633,
2026-05-20 16:33:16,SWEATUSDT,0,NONE,G1|G2,G4,4.9102,BULLISH,9.62,0,0.0013282,27620433.08783187,0,,,bloqueado G4,20260520_1633,
2026-05-20 16:33:16,LYXUSDT,0,NONE,G1|G2,G4,3.1577,BULLISH,19.53,0,0.2846,32673.14911092,0,,,bloqueado G4,20260520_1633,
2026-05-20 16:33:17,CHIPUSDT,0,NONE,G1|G2,G4,2.0284,BULLISH,11.13,0,0.052125,443197.87648217,0,,,bloqueado G4,20260520_1633,
2026-05-20 16:33:17,SYSUSDT,0,NONE,G1|G2,G4,2.0615,NEUTRAL,-8.33,0,0.003916,3766731.82946966,0,,,bloqueado G4,20260520_1633,
2026-05-20 16:33:17,FIDAUSDT,0,NONE,G1|G2,G4,2.1498,BULLISH,67.06,0,0.036178,849140.21729865,0,,,bloqueado G4,20260520_1633,
2026-05-20 16:33:17,PONKEUSDT,0,NONE,G1|G2,G4,2.8776,BULLISH,10.89,0,0.039865,537885.83369462,0,,,bloqueado G4,20260520_1633,
2026-05-20 16:33:18,BBUSDT,0,NONE,G1|G2,G4,3.2323,BULLISH,22.25,0,0.033235,1694560.63783525,0,,,bloqueado G4,20260520_1633,
2026-05-20 16:33:18,AURASOLUSDT,0,NONE,G1|G2,G4,2.246,BULLISH,10.63,0,0.015499,1080175.29135793,0,,,bloqueado G4,20260520_1633,
2026-05-20 16:33:18,MAPOUSDT,0,NONE,G1|G2,G4,4.1699,BEARISH,-34.8,0,0.002025,3798158.28828156,0,,,bloqueado G4,20260520_1633,
2026-05-20 16:33:19,PEPUSDT,0,NONE,G1|G2,G4,3.8867,BULLISH,10.4,0,0.00013201,161942108.25449219,0,,,bloqueado G4,20260520_1633,
2026-05-20 16:33:19,PLAYUSDT,0,NONE,G1,G1B,2.4472,BEARISH,-14.91,0,0.115047,304181.23997665,0,,,BLOQUEADO -- G1B: spike de distribuicao (chg=-14.91% com spike 2.4472x),20260520_1633,
2026-05-20 17:08:06,SWEATUSDT,0,NONE,G1|G2,G4,4.989,BULLISH,7.43,0,0.00131478,28064087.526715089,0,,,bloqueado G4,20260520_1708,
2026-05-20 17:08:06,LYXUSDT,0,NONE,G1|G2,G4,3.2245,BULLISH,21.97,0,0.2904,33364.64384199,0,,,bloqueado G4,20260520_1708,
2026-05-20 17:08:06,CHIPUSDT,0,NONE,G1|G2,G4,2.054,BULLISH,9.55,0,0.051384,448786.65625299,0,,,bloqueado G4,20260520_1708,
2026-05-20 17:08:07,SYSUSDT,0,NONE,G1|G2,G4,2.0952,NEUTRAL,-6.48,0,0.003995,3828272.86468296,0,,,bloqueado G4,20260520_1708,
2026-05-20 17:08:07,FIDAUSDT,0,NONE,G1|G2,G4,2.3039,BULLISH,67.03,0,0.036173,910011.97599206,0,,,bloqueado G4,20260520_1708,
2026-05-20 17:08:07,PONKEUSDT,0,NONE,G1|G2,G4,2.9012,BULLISH,11.8,0,0.040191,542286.95753146,0,,,bloqueado G4,20260520_1708,
2026-05-20 17:08:08,BBUSDT,0,NONE,G1|G2,G4,3.9256,BULLISH,21.05,0,0.033,2058023.33497495,0,,,bloqueado G4,20260520_1708,
2026-05-20 17:08:08,AURASOLUSDT,0,NONE,G1|G2,G4,2.26,BULLISH,10.07,0,0.015461,1086901.51628383,0,,,bloqueado G4,20260520_1708,
2026-05-20 17:08:08,MAPOUSDT,0,NONE,G1|G2,G4,4.251,BEARISH,-34.8,0,0.002025,3871980.43875623,0,,,bloqueado G4,20260520_1708,
2026-05-20 17:08:09,PEPUSDT,0,NONE,G1|G2,G4,4.0748,BULLISH,11.18,0,0.00013294,169780382.93370193,0,,,bloqueado G4,20260520_1708,
2026-05-20 17:08:09,ROAMUSDT,0,NONE,G1|G2,G4,2.4014,BULLISH,23.67,0,0.006929,1085859.10915627,0,,,bloqueado G4,20260520_1708,
2026-05-20 17:08:09,ZEUSUSDT,0,NONE,G1|G2,G4,2.0846,NEUTRAL,-3.05,0,0.004829,900330.31736375,0,,,bloqueado G4,20260520_1708,
2026-05-20 17:08:10,PLAYUSDT,0,NONE,G1,G1B,2.6132,BEARISH,-19.97,0,0.108205,324814.77322033,0,,,BLOQUEADO -- G1B: spike de distribuicao (chg=-19.97% com spike 2.6132x),20260520_1708,
2026-05-20 17:08:19,SWEATUSDT,0,NONE,G1|G2,G4,4.9916,BULLISH,8.51,0,0.00131478,28078679.886988182,0,,,bloqueado G4,20260520_1708,
2026-05-20 17:08:20,LYXUSDT,0,NONE,G1|G2,G4,3.2245,BULLISH,21.97,0,0.2904,33364.64384199,0,,,bloqueado G4,20260520_1708,
2026-05-20 17:08:20,CHIPUSDT,0,NONE,G1|G2,G4,2.0541,BULLISH,9.55,0,0.051384,448810.05625299,0,,,bloqueado G4,20260520_1708,
2026-05-20 17:08:20,SYSUSDT,0,NONE,G1|G2,G4,2.0952,NEUTRAL,-6.48,0,0.003995,3828272.86468296,0,,,bloqueado G4,20260520_1708,
2026-05-20 17:08:21,FIDAUSDT,0,NONE,G1|G2,G4,2.3039,BULLISH,67.03,0,0.036173,910011.97599206,0,,,bloqueado G4,20260520_1708,
2026-05-20 17:08:21,PONKEUSDT,0,NONE,G1|G2,G4,2.9015,BULLISH,11.8,0,0.040191,542345.45753146,0,,,bloqueado G4,20260520_1708,
2026-05-20 17:08:21,BBUSDT,0,NONE,G1|G2,G4,3.9256,BULLISH,21.05,0,0.033,2058023.33497495,0,,,bloqueado G4,20260520_1708,
2026-05-20 17:08:22,AURASOLUSDT,0,NONE,G1|G2,G4,2.2602,BULLISH,10.36,0,0.015461,1087012.51628383,0,,,bloqueado G4,20260520_1708,
2026-05-20 17:08:22,MAPOUSDT,0,NONE,G1|G2,G4,4.2516,BEARISH,-34.8,0,0.002025,3872540.43875623,0,,,bloqueado G4,20260520_1708,
2026-05-20 17:08:22,PEPUSDT,0,NONE,G1|G2,G4,4.075,BULLISH,11.18,0,0.00013294,169791382.93370193,0,,,bloqueado G4,20260520_1708,
2026-05-20 17:08:22,ROAMUSDT,0,NONE,G1|G2,G4,2.4019,BULLISH,23.29,0,0.006903,1086091.10915627,0,,,bloqueado G4,20260520_1708,
2026-05-20 17:08:23,ZEUSUSDT,0,NONE,G1|G2,G4,2.0846,NEUTRAL,-3.05,0,0.004829,900330.31736375,0,,,bloqueado G4,20260520_1708,
2026-05-20 17:08:23,PLAYUSDT,0,NONE,G1,G1B,2.6132,BEARISH,-19.97,0,0.108205,324814.77322033,0,,,BLOQUEADO -- G1B: spike de distribuicao (chg=-19.97% com spike 2.6132x),20260520_1708,
2026-05-21 08:28:22,SWARMSUSDT,0,NONE,G1|G2,G4,5.5579,BEARISH,-28.81,0,0.010618,1626609.13820316,0,,,bloqueado G4,20260521_0828,
2026-05-21 08:28:23,ARRRUSDT,0,NONE,G1|G2,G4,2.6492,BULLISH,30.54,0,0.341459,102701.0257888,0,,,bloqueado G4,20260521_0828,
2026-05-21 08:28:23,PROVEUSDT,70,DISCOVERY,G1|G2|G3|G4|G6|G8-LATE,,2.9013,BULLISH,54.8,0,0.359762,30728.65669362,9.81,0.5,2,"""DISCOVERY score=70 gates=G1,G2,G3,G4,G6,G8-LATE""",20260521_0828,
2026-05-21 08:28:50,SWARMSUSDT,0,NONE,G1|G2,G4,5.5583,BEARISH,-28.82,0,0.010618,1626724.13820316,0,,,bloqueado G4,20260521_0828,
2026-05-21 08:28:50,ARRRUSDT,0,NONE,G1|G2,G4,2.6492,BULLISH,30.54,0,0.341459,102701.0257888,0,,,bloqueado G4,20260521_0828,
2026-05-21 08:28:50,PROVEUSDT,70,DISCOVERY,G1|G2|G3|G4|G6|G8-LATE,,2.9019,BULLISH,55.17,0,0.359762,30734.15669362,9.81,0.5,2,"""DISCOVERY score=70 gates=G1,G2,G3,G4,G6,G8-LATE""",20260521_0828,
2026-05-21 08:42:13,SWARMSUSDT,0,NONE,G1|G2,G4,5.5858,BEARISH,-28.9,0,0.010606,1634761.90100486,0,,,bloqueado G4,20260521_0842,
2026-05-21 08:42:13,ARRRUSDT,0,NONE,G1|G2,G4,2.7041,BULLISH,30.54,0,0.341459,104829.49101186,0,,,bloqueado G4,20260521_0842,
2026-05-21 08:42:14,PROVEUSDT,70,DISCOVERY,G1|G2|G3|G4|G6|G8-LATE,,2.9428,BULLISH,54.82,0,0.35902,31167.61487764,9.81,0.5,2,"""DISCOVERY score=70 gates=G1,G2,G3,G4,G6,G8-LATE""",20260521_0842,
2026-05-21 08:42:24,SWARMSUSDT,0,NONE,G1|G2,G4,5.5858,BEARISH,-28.9,0,0.010606,1634761.90100486,0,,,bloqueado G4,20260521_0842,
2026-05-21 08:42:25,ARRRUSDT,0,NONE,G1|G2,G4,2.7041,BULLISH,30.54,0,0.341459,104829.49101186,0,,,bloqueado G4,20260521_0842,
2026-05-21 08:42:25,PROVEUSDT,70,DISCOVERY,G1|G2|G3|G4|G6|G8-LATE,,2.9433,BULLISH,54.85,0,0.35902,31173.21487764,9.81,0.5,2,"""DISCOVERY score=70 gates=G1,G2,G3,G4,G6,G8-LATE""",20260521_0842,
2026-05-21 08:48:41,PROVEUSDT,0,NONE,G1|G2,G4,2.9495,BULLISH,54.6,0,0.358445,31239.0118159,0,,,bloqueado G4,20260521_0848,
2026-05-21 08:48:42,SWARMSUSDT,0,NONE,G1|G2,G4,5.6004,BEARISH,-29.26,0,0.010553,1639044.25706362,0,,,bloqueado G4,20260521_0848,
2026-05-21 08:48:42,ARRRUSDT,90,DISCOVERY,G1|G2|G3|G4|G5|G6|G8-MID,,2.7112,BULLISH,29.63,0,0.339072,105104.80343715,9.81,0.5,2,"""DISCOVERY score=90 gates=G1,G2,G3,G4,G5,G6,G8-MID""",20260521_0848,
2026-05-21 08:48:53,PROVEUSDT,0,NONE,G1|G2,G4,2.9495,BULLISH,54.6,0,0.358445,31239.0118159,0,,,bloqueado G4,20260521_0848,
2026-05-21 08:48:53,SWARMSUSDT,0,NONE,G1|G2,G4,5.6004,BEARISH,-29.26,0,0.010561,1639044.25706362,0,,,bloqueado G4,20260521_0848,
2026-05-21 08:48:53,ARRRUSDT,90,DISCOVERY,G1|G2|G3|G4|G5|G6|G8-MID,,2.7113,BULLISH,29.63,0,0.339072,105110.35343715,9.81,0.5,2,"""DISCOVERY score=90 gates=G1,G2,G3,G4,G5,G6,G8-MID""",20260521_0848,
2026-05-21 08:50:44,PROVEUSDT,0,NONE,G1|G2,G4,2.9501,BULLISH,52.43,0,0.3534,31244.7618159,0,,,bloqueado G4,20260521_0850,
2026-05-21 08:50:44,SWARMSUSDT,0,NONE,G1|G2,G4,5.6012,BEARISH,-29.15,0,0.010569,1639276.25706362,0,,,bloqueado G4,20260521_0850,
2026-05-21 08:50:45,ARRRUSDT,90,DISCOVERY,G1|G2|G3|G4|G5|G6|G8-MID,,2.7115,BULLISH,29.63,0,0.339072,105116.00343715,9.81,0.5,2,"""DISCOVERY score=90 gates=G1,G2,G3,G4,G5,G6,G8-MID""",20260521_0850,
2026-05-21 09:45:45,SWARMSUSDT,0,NONE,G1|G2,G4,5.6694,BEARISH,-29.75,0,0.01048,1659224.73647755,0,,,bloqueado G4,20260521_0945,
2026-05-21 09:45:45,ARRRUSDT,0,NONE,G1|G2,G4,3.048,BULLISH,37.88,0,0.360653,118163.24152331,0,,,bloqueado G4,20260521_0945,
2026-05-21 09:45:45,PROVEUSDT,70,DISCOVERY,G1|G2|G3|G4|G6|G8-LATE,,3.8123,BULLISH,41.7,0,0.328529,40377.36372017,9.81,0.5,2,"""DISCOVERY score=70 gates=G1,G2,G3,G4,G6,G8-LATE""",20260521_0945,
2026-05-21 09:45:46,PEAQUSDT,85,DISCOVERY,G1|G2|G3|G4|G6,,2.1245,BULLISH,23.53,0,0.033108,439288.87022357,9.81,0.5,2,"""DISCOVERY score=85 gates=G1,G2,G3,G4,G6""",20260521_0945,
2026-05-21 09:45:56,SWARMSUSDT,0,NONE,G1|G2,G4,5.6694,BEARISH,-29.75,0,0.01048,1659224.73647755,0,,,bloqueado G4,20260521_0945,
2026-05-21 09:45:56,ARRRUSDT,0,NONE,G1|G2,G4,3.0483,BULLISH,37.88,0,0.360653,118174.65492742,0,,,bloqueado G4,20260521_0945,
2026-05-21 09:45:56,PROVEUSDT,70,DISCOVERY,G1|G2|G3|G4|G6|G8-LATE,,3.8123,BULLISH,41.7,0,0.328529,40377.36372017,9.81,0.5,2,"""DISCOVERY score=70 gates=G1,G2,G3,G4,G6,G8-LATE""",20260521_0945,
2026-05-21 09:45:57,PEAQUSDT,85,DISCOVERY,G1|G2|G3|G4|G6,,2.1245,BULLISH,23.53,0,0.033108,439288.87022357,9.81,0.5,2,"""DISCOVERY score=85 gates=G1,G2,G3,G4,G6""",20260521_0945,
2026-05-21 09:58:33,PROVEUSDT,0,NONE,G1|G2,G4,3.931,BULLISH,42.74,0,0.333091,41633.56270152,0,,,bloqueado G4,20260521_0958,
2026-05-21 09:58:34,SWARMSUSDT,0,NONE,G1|G2,G4,5.687,BEARISH,-29.33,0,0.010543,1664373.70056871,0,,,bloqueado G4,20260521_0958,
2026-05-21 09:58:34,ARRRUSDT,0,NONE,G1|G2,G4,3.0688,BULLISH,36.53,0,0.357138,118966.13534303,0,,,bloqueado G4,20260521_0958,
2026-05-21 09:58:34,PEAQUSDT,85,DISCOVERY,G1|G2|G3|G4|G6,,2.1371,BULLISH,21.09,0,0.032497,441886.00863275,9.81,0.5,2,"""DISCOVERY score=85 gates=G1,G2,G3,G4,G6""",20260521_0958,
2026-05-21 10:11:56,PROVEUSDT,0,NONE,G1|G2,G4,3.9893,BULLISH,46.85,0,0.34046,42251.66525353,0,,,bloqueado G4,20260521_1011,
2026-05-21 10:11:56,SWARMSUSDT,0,NONE,G1|G2,G4,5.7069,BEARISH,-28.88,0,0.010602,1670205.79098096,0,,,bloqueado G4,20260521_1011,
2026-05-21 10:11:56,ARRRUSDT,0,NONE,G1|G2,G4,3.1333,BULLISH,40.92,0,0.3686,121468.84859231,0,,,bloqueado G4,20260521_1011,
2026-05-21 10:11:57,PEAQUSDT,85,DISCOVERY,G1|G2|G3|G4|G6,,2.1479,BULLISH,19.13,0,0.031929,444117.44397337,9.81,0.5,2,"""DISCOVERY score=85 gates=G1,G2,G3,G4,G6""",20260521_1011,
2026-05-21 10:29:21,PROVEUSDT,0,NONE,G1|G2,G4,4.2548,BULLISH,46.96,0,0.340726,45063.32509349,0,,,bloqueado G4,20260521_1029,
2026-05-21 10:29:21,SWARMSUSDT,0,NONE,G1|G2,G4,5.7142,BEARISH,-28.86,0,0.010613,1672350.5007814,0,,,bloqueado G4,20260521_1029,
2026-05-21 10:29:22,ARRRUSDT,0,NONE,G1|G2,G4,3.1575,BULLISH,44.08,0,0.376876,122405.78766291,0,,,bloqueado G4,20260521_1029,
2026-05-21 10:29:22,PEAQUSDT,85,DISCOVERY,G1|G2|G3|G4|G6,,2.1776,BULLISH,20.95,0,0.032417,450261.36610797,9.81,0.5,2,"""DISCOVERY score=85 gates=G1,G2,G3,G4,G6""",20260521_1029,
2026-05-21 10:29:34,PROVEUSDT,0,NONE,G1|G2,G4,4.2548,BULLISH,46.96,0,0.340726,45063.32509349,0,,,bloqueado G4,20260521_1029,
2026-05-21 10:29:35,SWARMSUSDT,0,NONE,G1|G2,G4,5.7142,BEARISH,-28.86,0,0.010613,1672350.5007814,0,,,bloqueado G4,20260521_1029,
2026-05-21 10:29:35,ARRRUSDT,0,NONE,G1|G2,G4,3.1575,BULLISH,44.08,0,0.376876,122405.78766291,0,,,bloqueado G4,20260521_1029,
2026-05-21 10:29:35,PEAQUSDT,85,DISCOVERY,G1|G2|G3|G4|G6,,2.1776,BULLISH,20.95,0,0.032417,450261.36610797,9.81,0.5,2,"""DISCOVERY score=85 gates=G1,G2,G3,G4,G6""",20260521_1029,
2026-05-21 10:46:26,PROVEUSDT,0,NONE,G1|G2,G4,4.2751,BULLISH,38.93,0,0.322102,45278.33364947,0,,,bloqueado G4,20260521_1046,
2026-05-21 10:46:26,SWARMSUSDT,0,NONE,G1|G2,G4,5.7651,BEARISH,-28.19,0,0.010713,1687250.20195788,0,,,bloqueado G4,20260521_1046,
2026-05-21 10:46:27,ARRRUSDT,0,NONE,G1|G2,G4,3.2317,BULLISH,39.77,0,0.36561,125283.16432556,0,,,bloqueado G4,20260521_1046,
2026-05-21 10:46:27,PEAQUSDT,85,DISCOVERY,G1|G2|G3|G4|G6,,2.2015,BULLISH,18.16,0,0.031669,455211.76991463,9.81,0.5,2,"""DISCOVERY score=85 gates=G1,G2,G3,G4,G6""",20260521_1046,
2026-05-21 11:04:13,PROVEUSDT,0,NONE,G1|G2,G4,4.2938,BULLISH,41.6,0,0.328307,45475.99534206,0,,,bloqueado G4,20260521_1104,
2026-05-21 11:04:14,SWARMSUSDT,0,NONE,G1|G2,G4,5.7857,BEARISH,-27.9,0,0.010756,1693268.12736559,0,,,bloqueado G4,20260521_1104,
2026-05-21 11:04:14,ARRRUSDT,0,NONE,G1|G2,G4,3.2344,BULLISH,40.26,0,0.366895,125386.21432556,0,,,bloqueado G4,20260521_1104,
2026-05-21 11:04:14,PEAQUSDT,85,DISCOVERY,G1|G2|G3|G4|G6,,2.2127,BULLISH,17.91,0,0.031601,457513.34991463,9.81,0.5,2,"""DISCOVERY score=85 gates=G1,G2,G3,G4,G6""",20260521_1104,
2026-05-21 11:04:26,PROVEUSDT,0,NONE,G1|G2,G4,4.2943,BULLISH,41.64,0,0.328307,45481.94534206,0,,,bloqueado G4,20260521_1104,
2026-05-21 11:04:26,SWARMSUSDT,0,NONE,G1|G2,G4,5.7857,BEARISH,-27.9,0,0.010756,1693268.12736559,0,,,bloqueado G4,20260521_1104,
2026-05-21 11:04:27,ARRRUSDT,0,NONE,G1|G2,G4,3.2344,BULLISH,40.26,0,0.366895,125386.21432556,0,,,bloqueado G4,20260521_1104,
2026-05-21 11:04:27,PEAQUSDT,85,DISCOVERY,G1|G2|G3|G4|G6,,2.2127,BULLISH,17.91,0,0.031601,457513.34991463,9.81,0.5,2,"""DISCOVERY score=85 gates=G1,G2,G3,G4,G6""",20260521_1104,
2026-05-21 11:18:23,PROVEUSDT,0,NONE,G1|G2,G4,4.3323,BULLISH,41.6,0,0.328307,45884.6199553,0,,,bloqueado G4,20260521_1118,
2026-05-21 11:18:23,SWARMSUSDT,0,NONE,G1|G2,G4,5.8054,BEARISH,-28.37,0,0.010686,1699017.34190985,0,,,bloqueado G4,20260521_1118,
2026-05-21 11:18:23,ARRRUSDT,0,NONE,G1|G2,G4,3.3121,BULLISH,39.28,0,0.36433,128401.26402106,0,,,bloqueado G4,20260521_1118,
2026-05-21 11:18:24,PEAQUSDT,85,DISCOVERY,G1|G2|G3|G4|G6,,2.2165,BULLISH,18.1,0,0.031653,458310.84991463,9.81,0.5,2,"""DISCOVERY score=85 gates=G1,G2,G3,G4,G6""",20260521_1118,
2026-05-21 11:25:16,PROVEUSDT,0,NONE,G1|G2,G4,4.3417,BULLISH,41.84,0,0.328846,45983.9852263,0,,,bloqueado G4,20260521_1125,
2026-05-21 11:25:16,SWARMSUSDT,0,NONE,G1|G2,G4,5.8288,BEARISH,-27.52,0,0.010813,1705889.57924385,0,,,bloqueado G4,20260521_1125,
2026-05-21 11:25:17,ARRRUSDT,0,NONE,G1|G2,G4,3.318,BULLISH,38.31,0,0.363046,128627.30693208,0,,,bloqueado G4,20260521_1125,
2026-05-21 11:25:17,PEAQUSDT,85,DISCOVERY,G1|G2|G3|G4|G6,,2.2185,BULLISH,18.57,0,0.031778,458709.84991463,9.81,0.5,2,"""DISCOVERY score=85 gates=G1,G2,G3,G4,G6""",20260521_1125,
2026-05-21 11:25:30,PROVEUSDT,0,NONE,G1|G2,G4,4.3417,BULLISH,41.84,0,0.328846,45983.9852263,0,,,bloqueado G4,20260521_1125,
2026-05-21 11:25:30,SWARMSUSDT,0,NONE,G1|G2,G4,5.8288,BEARISH,-27.52,0,0.010813,1705889.57924385,0,,,bloqueado G4,20260521_1125,
2026-05-21 11:25:31,ARRRUSDT,0,NONE,G1|G2,G4,3.3225,BULLISH,38.79,0,0.363046,128803.03518949,0,,,bloqueado G4,20260521_1125,
2026-05-21 11:25:31,PEAQUSDT,85,DISCOVERY,G1|G2|G3|G4|G6,,2.2185,BULLISH,18.57,0,0.031778,458709.84991463,9.81,0.5,2,"""DISCOVERY score=85 gates=G1,G2,G3,G4,G6""",20260521_1125,
2026-05-21 11:46:31,PROVEUSDT,0,NONE,G1|G2,G4,4.6613,BULLISH,42.98,0,0.3315,49368.62367929,0,,,bloqueado G4,20260521_1146,
2026-05-21 11:46:31,SWARMSUSDT,0,NONE,G1|G2,G4,5.8371,BEARISH,-27.85,0,0.010763,1708309.57924385,0,,,bloqueado G4,20260521_1146,
2026-05-21 11:46:32,ARRRUSDT,0,NONE,G1|G2,G4,3.3603,BULLISH,40.25,0,0.366868,130266.84412423,0,,,bloqueado G4,20260521_1146,
2026-05-21 11:46:32,PEAQUSDT,85,DISCOVERY,G1|G2|G3|G4|G6,,2.2441,BULLISH,18.1,0,0.031651,464004.92778755,9.81,0.5,2,"""DISCOVERY score=85 gates=G1,G2,G3,G4,G6""",20260521_1146,
2026-05-21 11:48:55,PROVEUSDT,0,NONE,G1|G2,G4,4.6624,BULLISH,43.03,0,0.33285,49380.17367929,0,,,bloqueado G4,20260521_1148,
2026-05-21 11:48:56,SWARMSUSDT,0,NONE,G1|G2,G4,5.8469,BEARISH,-27.81,0,0.010787,1711163.36748538,0,,,bloqueado G4,20260521_1148,
2026-05-21 11:48:56,ARRRUSDT,0,NONE,G1|G2,G4,3.3637,BULLISH,40.74,0,0.366868,130400.39412413,0,,,bloqueado G4,20260521_1148,
2026-05-21 11:48:56,PEAQUSDT,85,DISCOVERY,G1|G2|G3|G4|G6,,2.2446,BULLISH,18.23,0,0.031687,464118.42778755,9.81,0.5,2,"""DISCOVERY score=85 gates=G1,G2,G3,G4,G6""",20260521_1148,
2026-05-21 11:49:07,PROVEUSDT,0,NONE,G1|G2,G4,4.6624,BULLISH,43.03,0,0.33285,49380.17367929,0,,,bloqueado G4,20260521_1149,
2026-05-21 11:49:08,SWARMSUSDT,0,NONE,G1|G2,G4,5.8472,BEARISH,-27.69,0,0.010787,1711276.36748538,0,,,bloqueado G4,20260521_1149,
2026-05-21 11:49:08,ARRRUSDT,0,NONE,G1|G2,G4,3.3639,BULLISH,40.25,0,0.366868,130406.29412413,0,,,bloqueado G4,20260521_1149,
2026-05-21 11:49:08,PEAQUSDT,85,DISCOVERY,G1|G2|G3|G4|G6,,2.2446,BULLISH,18.23,0,0.031687,464118.42778755,9.81,0.5,2,"""DISCOVERY score=85 gates=G1,G2,G3,G4,G6""",20260521_1149,
2026-05-21 12:49:21,PEAQUSDT,0,NONE,G1|G2,G4,2.3409,BULLISH,17.22,0,0.031365,484032.25266001,0,,,bloqueado G4,20260521_1249,
2026-05-21 12:49:22,SWARMSUSDT,0,NONE,G1|G2,G4,5.8889,BEARISH,-28.16,0,0.010717,1723462.50091969,0,,,bloqueado G4,20260521_1249,
2026-05-21 12:49:22,ARRRUSDT,0,NONE,G1|G2,G4,3.4418,BULLISH,38.73,0,0.362874,133428.21912332,0,,,bloqueado G4,20260521_1249,
2026-05-21 12:49:22,PROVEUSDT,70,DISCOVERY,G1|G2|G3|G4|G6|G8-LATE,,4.7417,BULLISH,47.23,0,0.34135,50220.26583721,9.81,0.5,2,"""DISCOVERY score=70 gates=G1,G2,G3,G4,G6,G8-LATE""",20260521_1249,
2026-05-21 13:50:17,PROVEUSDT,0,NONE,G1|G2,G4,5.2779,BULLISH,39.77,0,0.324048,55898.92255513,0,,,bloqueado G4,20260521_1350,
2026-05-21 13:50:17,PEAQUSDT,0,NONE,G1|G2,G4,2.3681,BULLISH,13.15,0,0.030325,489652.4167855,0,,,bloqueado G4,20260521_1350,
2026-05-21 13:50:18,MRSOONUSDT,0,NONE,G1|G2,G4,2.0424,NEUTRAL,-9.97,0,3.0007E-06,1238625289.8671656,0,,,bloqueado G4,20260521_1350,
2026-05-21 13:50:18,BUSDT,0,NONE,G1|G2,G4,2.0121,BEARISH,-16.41,0,0.3076,125857.73441338,0,,,bloqueado G4,20260521_1350,
2026-05-21 13:50:18,SWARMSUSDT,0,NONE,G1|G2,G4,6.1418,BEARISH,-26.08,0,0.011027,1797477.58448532,0,,,bloqueado G4,20260521_1350,
2026-05-21 13:50:18,ARRRUSDT,0,NONE,G1|G2,G4,3.5225,BULLISH,36,0,0.355752,136556.98501907,0,,,bloqueado G4,20260521_1350,
2026-05-21 14:26:01,PEAQUSDT,0,NONE,G1|G2,G4,2.3794,BULLISH,12.28,0,0.030076,491986.23247755,0,,,bloqueado G4,20260521_1426,
2026-05-21 14:26:01,BUSDT,0,NONE,G1|G2,G4,2.0382,BEARISH,-17.47,0,0.3025,127493.50358048,0,,,bloqueado G4,20260521_1426,
2026-05-21 14:26:01,SWARMSUSDT,0,NONE,G1|G2,G4,6.1963,BEARISH,-25.42,0,0.011144,1813430.10968558,0,,,bloqueado G4,20260521_1426,
2026-05-21 14:26:02,ARRRUSDT,0,NONE,G1|G2,G4,3.5323,BULLISH,35.78,0,0.355177,136936.67904083,0,,,bloqueado G4,20260521_1426,
2026-05-21 14:26:02,PROVEUSDT,70,DISCOVERY,G1|G2|G3|G4|G6|G8-LATE,,5.3672,BULLISH,40.78,0,0.326392,56845.55094711,9.81,0.5,2,"""DISCOVERY score=70 gates=G1,G2,G3,G4,G6,G8-LATE""",20260521_1426,
2026-05-21 14:50:40,PROVEUSDT,0,NONE,G1|G2,G4,5.4218,BULLISH,41.45,0,0.327948,57423.0182418,0,,,bloqueado G4,20260521_1450,
2026-05-21 14:50:41,PEAQUSDT,0,NONE,G1|G2,G4,2.397,BULLISH,14.79,0,0.030764,495618.21966843,0,,,bloqueado G4,20260521_1450,
2026-05-21 14:50:41,BUSDT,0,NONE,G1|G2,G4,2.0584,BEARISH,-16.98,0,0.3055,128753.64200664,0,,,bloqueado G4,20260521_1450,
2026-05-21 14:50:41,SWARMSUSDT,0,NONE,G1|G2,G4,6.5547,BEARISH,-23.6,0,0.011397,1918338.85526375,0,,,bloqueado G4,20260521_1450,
2026-05-21 14:50:41,HOOKUSDT,0,NONE,G1|G2,G4,2.0197,BULLISH,6.91,0,0.008678,748525.41368269,0,,,bloqueado G4,20260521_1450,
2026-05-21 14:50:42,ARRRUSDT,0,NONE,G1|G2,G4,3.5845,BULLISH,40.6,0,0.367786,138961.2047116,0,,,bloqueado G4,20260521_1450,
2026-05-21 14:50:42,CHILLGUYUSDT,0,NONE,G1|G2,G4,2.0191,BULLISH,8.48,0,0.015193,677660.56723,0,,,bloqueado G4,20260521_1450,
2026-05-21 15:51:05,PROVEUSDT,0,NONE,G1|G2,G4,5.5777,BULLISH,40.85,0,0.327199,59074.45806388,0,,,bloqueado G4,20260521_1551,
2026-05-21 15:51:05,PEAQUSDT,0,NONE,G1|G2,G4,2.4289,BULLISH,12.37,0,0.030134,502224.91953552,0,,,bloqueado G4,20260521_1551,
2026-05-21 15:51:06,BUSDT,0,NONE,G1|G2,G4,2.1057,BEARISH,-17.93,0,0.302,131713.48578664,0,,,bloqueado G4,20260521_1551,
2026-05-21 15:51:06,CHEEMSUSDT,0,NONE,G1|G2,G4,2.0812,BULLISH,7.01,0,7.243E-07,10669679953.052944,0,,,bloqueado G4,20260521_1551,
2026-05-21 15:51:06,EMPUSDT,0,NONE,G1|G2,G4,3.0311,BULLISH,101.45,0,14.9185,1405.95533204,0,,,bloqueado G4,20260521_1551,
2026-05-21 15:51:07,SWARMSUSDT,0,NONE,G1|G2,G4,6.9135,BEARISH,-22.89,0,0.011503,2023343.26345712,0,,,bloqueado G4,20260521_1551,
2026-05-21 15:51:07,IMGNUSDT,0,NONE,G1|G2,G4,2.0295,BEARISH,-36.71,0,0.0016921,2873410.8579699,0,,,bloqueado G4,20260521_1551,
2026-05-21 15:51:07,HOOKUSDT,0,NONE,G1|G2,G4,2.0744,BULLISH,6.91,0,0.008678,768778.89071627,0,,,bloqueado G4,20260521_1551,
2026-05-21 15:51:07,ARRRUSDT,0,NONE,G1|G2,G4,3.6998,BULLISH,43.42,0,0.376082,143429.13047921,0,,,bloqueado G4,20260521_1551,
2026-05-21 15:51:08,CHILLGUYUSDT,0,NONE,G1|G2,G4,2.0678,BULLISH,9.1,0,0.015279,694021.23103912,0,,,bloqueado G4,20260521_1551,
2026-05-21 16:51:28,PROVEUSDT,0,NONE,G1|G2,G4,5.7679,BULLISH,37.37,0,0.318502,61088.63077003,0,,,bloqueado G4,20260521_1651,
2026-05-21 16:51:28,PEAQUSDT,0,NONE,G1|G2,G4,2.4784,BULLISH,13.74,0,0.030484,512461.06629478,0,,,bloqueado G4,20260521_1651,
2026-05-21 16:51:29,PHBUSDT,0,NONE,G1|G2,G4,2.0148,BULLISH,78.03,0,0.101125,352015.42488079,0,,,bloqueado G4,20260521_1651,
2026-05-21 16:51:29,BUSDT,0,NONE,G1|G2,G4,2.1388,BEARISH,-18.21,0,0.301,133785.58399714,0,,,bloqueado G4,20260521_1651,
2026-05-21 16:51:29,CHEEMSUSDT,0,NONE,G1|G2,G4,2.1639,BULLISH,8.95,0,7.356E-07,11093527779.670774,0,,,bloqueado G4,20260521_1651,
2026-05-21 16:51:30,EMPUSDT,0,NONE,G1|G2,G4,3.3797,BULLISH,87.46,0,13.8822,1567.64092487,0,,,bloqueado G4,20260521_1651,
2026-05-21 16:51:30,SWARMSUSDT,0,NONE,G1|G2,G4,7.0705,BEARISH,-22.54,0,0.011555,2069294.31154076,0,,,bloqueado G4,20260521_1651,
2026-05-21 16:51:30,MITOUSDT,0,NONE,G1|G2,G4,2.0235,BULLISH,9.91,0,0.043323,213221.09146869,0,,,bloqueado G4,20260521_1651,
2026-05-21 16:51:31,IMGNUSDT,0,NONE,G1|G2,G4,2.0654,BEARISH,-36.46,0,0.00170545,2924247.47874299,0,,,bloqueado G4,20260521_1651,
2026-05-21 16:51:31,RTMUSDT,0,NONE,G1|G2,G4,2.041,BULLISH,16.96,0,0.00013461,59715529.423254959,0,,,bloqueado G4,20260521_1651,
2026-05-21 16:51:31,AVLUSDT,0,NONE,G1|G2,G4,2.0771,BULLISH,40.89,0,0.046092,202054.21280435,0,,,bloqueado G4,20260521_1651,
2026-05-21 16:51:31,ROAMUSDT,0,NONE,G1|G2,G4,2.0419,BULLISH,6.39,0,0.008721,1484385.03361877,0,,,bloqueado G4,20260521_1651,
2026-05-21 16:51:32,HOOKUSDT,0,NONE,G1|G2,G4,2.1241,BULLISH,6.91,0,0.008678,787207.43173232,0,,,bloqueado G4,20260521_1651,
2026-05-21 16:51:32,ARRRUSDT,0,NONE,G1|G2,G4,3.724,BULLISH,43.11,0,0.374334,144366.2807329,0,,,bloqueado G4,20260521_1651,
2026-05-21 16:51:32,CHILLGUYUSDT,0,NONE,G1|G2,G4,2.1122,BULLISH,8.42,0,0.015184,708917.4487838,0,,,bloqueado G4,20260521_1651,
2026-05-21 17:04:19,PROVEUSDT,0,NONE,G1|G2,G4,5.7784,BULLISH,37,0,0.317637,61200.24973749,0,,,bloqueado G4,20260521_1704,
2026-05-21 17:04:20,PEAQUSDT,0,NONE,G1|G2,G4,2.4897,BULLISH,14.79,0,0.03078,514794.09431645,0,,,bloqueado G4,20260521_1704,
2026-05-21 17:04:20,PHBUSDT,0,NONE,G1|G2,G4,2.036,BULLISH,57.92,0,0.089704,355711.74523326,0,,,bloqueado G4,20260521_1704,
2026-05-21 17:04:20,BUSDT,0,NONE,G1|G2,G4,2.1459,BEARISH,-18.59,0,0.2996,134226.18399714,0,,,bloqueado G4,20260521_1704,
2026-05-21 17:04:21,CHEEMSUSDT,0,NONE,G1|G2,G4,2.1714,BULLISH,9.18,0,7.372E-07,11131934736.426889,0,,,bloqueado G4,20260521_1704,
2026-05-21 17:04:21,EMPUSDT,0,NONE,G1|G2,G4,3.4581,BULLISH,98.71,0,14.7158,1604.01918482,0,,,bloqueado G4,20260521_1704,
2026-05-21 17:04:21,SWARMSUSDT,0,NONE,G1|G2,G4,7.0756,BEARISH,-22.54,0,0.011555,2070769.31154076,0,,,bloqueado G4,20260521_1704,
2026-05-21 17:04:22,MITOUSDT,0,NONE,G1|G2,G4,2.0331,BULLISH,9.85,0,0.0433,214237.95419895,0,,,bloqueado G4,20260521_1704,
2026-05-21 17:04:22,IMGNUSDT,0,NONE,G1|G2,G4,2.0753,BEARISH,-36.54,0,0.00170329,2938215.68767751,0,,,bloqueado G4,20260521_1704,
2026-05-21 17:04:22,RTMUSDT,0,NONE,G1|G2,G4,2.0506,BULLISH,16.83,0,0.00013446,59996406.534489758,0,,,bloqueado G4,20260521_1704,
2026-05-21 17:04:22,AVLUSDT,0,NONE,G1|G2,G4,2.0943,BULLISH,43.74,0,0.047024,203724.73553956,0,,,bloqueado G4,20260521_1704,
2026-05-21 17:04:23,ROAMUSDT,0,NONE,G1|G2,G4,2.0487,BULLISH,7.09,0,0.008778,1489321.68199538,0,,,bloqueado G4,20260521_1704,
2026-05-21 17:04:23,HOOKUSDT,0,NONE,G1|G2,G4,2.1332,BULLISH,6.91,0,0.008678,790593.94269912,0,,,bloqueado G4,20260521_1704,
2026-05-21 17:04:23,ARRRUSDT,0,NONE,G1|G2,G4,3.727,BULLISH,43.11,0,0.374334,144484.1511321,0,,,bloqueado G4,20260521_1704,
2026-05-21 17:04:24,CHILLGUYUSDT,0,NONE,G1|G2,G4,2.1239,BULLISH,9.07,0,0.015275,712852.97190561,0,,,bloqueado G4,20260521_1704,
2026-05-21 17:10:50,PROVEUSDT,0,NONE,G1|G2,G4,5.7827,BULLISH,38.39,0,0.320851,61245.7256884,0,,,bloqueado G4,20260521_1710,
2026-05-21 17:10:51,PHBUSDT,0,NONE,G1|G2,G4,2.0383,BULLISH,56.99,0,0.089174,356115.34482446,0,,,bloqueado G4,20260521_1710,
2026-05-21 17:10:51,BUSDT,0,NONE,G1|G2,G4,2.1495,BEARISH,-18.64,0,0.2994,134450.38399714,0,,,bloqueado G4,20260521_1710,
2026-05-21 17:10:51,CHEEMSUSDT,0,NONE,G1|G2,G4,2.1758,BULLISH,9.2,0,7.373E-07,11154391864.1382,0,,,bloqueado G4,20260521_1710,
2026-05-21 17:10:51,EMPUSDT,0,NONE,G1|G2,G4,3.5677,BULLISH,81.62,0,13.4502,1654.88052003,0,,,bloqueado G4,20260521_1710,
2026-05-21 17:10:52,SWARMSUSDT,0,NONE,G1|G2,G4,7.0779,BEARISH,-22.54,0,0.011556,2071447.31154076,0,,,bloqueado G4,20260521_1710,
2026-05-21 17:10:52,MITOUSDT,0,NONE,G1|G2,G4,2.0369,BULLISH,10.34,0,0.043498,214638.55210708,0,,,bloqueado G4,20260521_1710,
2026-05-21 17:10:52,IMGNUSDT,0,NONE,G1|G2,G4,2.0785,BEARISH,-36.52,0,0.0017038,2942716.00177447,0,,,bloqueado G4,20260521_1710,
2026-05-21 17:10:53,RTMUSDT,0,NONE,G1|G2,G4,2.0588,BULLISH,19.19,0,0.00013718,60237970.095609367,0,,,bloqueado G4,20260521_1710,
2026-05-21 17:10:53,AVLUSDT,0,NONE,G1|G2,G4,2.1026,BULLISH,43.51,0,0.04695,204533.31739088,0,,,bloqueado G4,20260521_1710,
2026-05-21 17:10:53,ROAMUSDT,0,NONE,G1|G2,G4,2.0506,BULLISH,7.39,0,0.008803,1490679.68199538,0,,,bloqueado G4,20260521_1710,
2026-05-21 17:10:53,HOOKUSDT,0,NONE,G1|G2,G4,2.1375,BULLISH,6.69,0,0.008655,792182.11984841,0,,,bloqueado G4,20260521_1710,
2026-05-21 17:10:54,ARRRUSDT,0,NONE,G1|G2,G4,3.7324,BULLISH,43.83,0,0.376214,144693.7980108,0,,,bloqueado G4,20260521_1710,
2026-05-21 17:10:54,CHILLGUYUSDT,0,NONE,G1|G2,G4,2.126,BULLISH,9.04,0,0.015271,713544.97190561,0,,,bloqueado G4,20260521_1710,
2026-05-21 17:10:54,PEAQUSDT,85,DISCOVERY,G1|G2|G3|G4|G6,,2.4916,BULLISH,15.02,0,0.030836,515189.18932438,9.81,0.5,2,"""DISCOVERY score=85 gates=G1,G2,G3,G4,G6""",20260521_1710,
2026-05-21 17:11:03,PROVEUSDT,0,NONE,G1|G2,G4,5.7827,BULLISH,38.39,0,0.32085,61245.7256884,0,,,bloqueado G4,20260521_1711,
2026-05-21 17:11:04,PHBUSDT,0,NONE,G1|G2,G4,2.0383,BULLISH,56.99,0,0.089174,356115.34482446,0,,,bloqueado G4,20260521_1711,
2026-05-21 17:11:04,BUSDT,0,NONE,G1|G2,G4,2.1496,BEARISH,-18.64,0,0.3003,134456.08399714,0,,,bloqueado G4,20260521_1711,
2026-05-21 17:11:04,CHEEMSUSDT,0,NONE,G1|G2,G4,2.1758,BULLISH,9.2,0,7.415E-07,11154391864.1382,0,,,bloqueado G4,20260521_1711,
2026-05-21 17:11:05,EMPUSDT,0,NONE,G1|G2,G4,3.5677,BULLISH,81.62,0,13.72,1654.88052003,0,,,bloqueado G4,20260521_1711,
2026-05-21 17:11:05,SWARMSUSDT,0,NONE,G1|G2,G4,7.0779,BEARISH,-22.54,0,0.011556,2071447.31154076,0,,,bloqueado G4,20260521_1711,
2026-05-21 17:11:05,MITOUSDT,0,NONE,G1|G2,G4,2.0374,BULLISH,10.35,0,0.043498,214689.69491791,0,,,bloqueado G4,20260521_1711,
2026-05-21 17:11:05,IMGNUSDT,0,NONE,G1|G2,G4,2.0785,BEARISH,-36.52,0,0.0017038,2942716.00177447,0,,,bloqueado G4,20260521_1711,
2026-05-21 17:11:06,RTMUSDT,0,NONE,G1|G2,G4,2.0588,BULLISH,19.19,0,0.00013718,60237970.095609367,0,,,bloqueado G4,20260521_1711,
2026-05-21 17:11:06,AVLUSDT,0,NONE,G1|G2,G4,2.1031,BULLISH,43.5,0,0.046657,204583.92496139,0,,,bloqueado G4,20260521_1711,
2026-05-21 17:11:06,ROAMUSDT,0,NONE,G1|G2,G4,2.0506,BULLISH,7.39,0,0.008799,1490679.68199538,0,,,bloqueado G4,20260521_1711,
2026-05-21 17:11:07,HOOKUSDT,0,NONE,G1|G2,G4,2.1381,BULLISH,6.63,0,0.008655,792405.99041976,0,,,bloqueado G4,20260521_1711,
2026-05-21 17:11:07,ARRRUSDT,0,NONE,G1|G2,G4,3.7324,BULLISH,43.83,0,0.376211,144693.7980108,0,,,bloqueado G4,20260521_1711,
2026-05-21 17:11:07,CHILLGUYUSDT,0,NONE,G1|G2,G4,2.126,BULLISH,9.04,0,0.015271,713544.97190561,0,,,bloqueado G4,20260521_1711,
2026-05-21 17:11:07,PEAQUSDT,85,DISCOVERY,G1|G2|G3|G4|G6,,2.4916,BULLISH,15.02,0,0.030836,515189.18932438,9.81,0.5,2,"""DISCOVERY score=85 gates=G1,G2,G3,G4,G6""",20260521_1711,
2026-05-21 18:27:39,PROVEUSDT,0,NONE,G1|G2,G4,5.8775,BULLISH,42.15,0,0.329573,62249.86880978,0,,,bloqueado G4,20260521_1827,
2026-05-21 18:27:40,PEAQUSDT,0,NONE,G1|G2,G4,2.6051,BULLISH,23.65,0,0.033139,538650.41950985,0,,,bloqueado G4,20260521_1827,
2026-05-21 18:27:41,MRSOONUSDT,0,NONE,G1|G2,G4,2.3817,BEARISH,-11.61,0,2.946E-06,1444386341.6881378,0,,,bloqueado G4,20260521_1827,
2026-05-21 18:27:41,PHBUSDT,0,NONE,G1|G2,G4,2.0956,BULLISH,51.05,0,0.085802,366121.16266165,0,,,bloqueado G4,20260521_1827,
2026-05-21 18:27:42,BUSDT,0,NONE,G1|G2,G4,2.1915,BEARISH,-18.61,0,0.2995,137077.18399714,0,,,bloqueado G4,20260521_1827,
2026-05-21 18:27:43,CHEEMSUSDT,0,NONE,G1|G2,G4,2.2681,BULLISH,9.14,0,7.369E-07,11627916961.006657,0,,,bloqueado G4,20260521_1827,
2026-05-21 18:27:43,EMPUSDT,0,NONE,G1|G2,G4,3.7834,BULLISH,85.8,0,13.7591,1754.9083605,0,,,bloqueado G4,20260521_1827,
2026-05-21 18:27:44,SWARMSUSDT,0,NONE,G1|G2,G4,7.1499,BEARISH,-22.62,0,0.011543,2092523.81610866,0,,,bloqueado G4,20260521_1827,
2026-05-21 18:27:44,MITOUSDT,0,NONE,G1|G2,G4,2.0796,BULLISH,10.59,0,0.043592,219130.59996118,0,,,bloqueado G4,20260521_1827,
2026-05-21 18:27:45,IMGNUSDT,0,NONE,G1|G2,G4,2.4283,BEARISH,-27.95,0,0.00193366,3438024.97553038,0,,,bloqueado G4,20260521_1827,
2026-05-21 18:27:45,RTMUSDT,0,NONE,G1|G2,G4,2.2247,BULLISH,19.73,0,0.0001378,65092685.264074,0,,,bloqueado G4,20260521_1827,
2026-05-21 18:27:46,AVLUSDT,0,NONE,G1|G2,G4,2.1755,BULLISH,42.4,0,0.046586,211624.83744895,0,,,bloqueado G4,20260521_1827,
2026-05-21 18:27:46,ROAMUSDT,0,NONE,G1|G2,G4,2.1103,BULLISH,5.1,0,0.008615,1534095.83738947,0,,,bloqueado G4,20260521_1827,
2026-05-21 18:27:47,HOOKUSDT,0,NONE,G1|G2,G4,2.193,BULLISH,13.29,0,0.009196,812758.76938512,0,,,bloqueado G4,20260521_1827,
2026-05-21 18:27:47,ARRRUSDT,0,NONE,G1|G2,G4,3.8376,BULLISH,32.19,0,0.345775,148772.4657824,0,,,bloqueado G4,20260521_1827,
2026-05-21 18:27:48,CHILLGUYUSDT,0,NONE,G1|G2,G4,2.1827,BULLISH,7.8,0,0.015109,732582.36221686,0,,,bloqueado G4,20260521_1827,
2026-05-21 18:27:48,NEARUSDT,95,DISCOVERY,G1|G2|G3|G4|G5|G6,,2.2168,BULLISH,14.69,0,1.953,795383.28059292,9.81,0.5,2,"""DISCOVERY score=95 gates=G1,G2,G3,G4,G5,G6""",20260521_1827,
2026-05-21 18:27:54,PROVEUSDT,0,NONE,G1|G2,G4,5.8775,BULLISH,42.15,0,0.330122,62249.86880978,0,,,bloqueado G4,20260521_1827,
2026-05-21 18:27:55,PEAQUSDT,0,NONE,G1|G2,G4,2.6051,BULLISH,23.65,0,0.033139,538650.41950985,0,,,bloqueado G4,20260521_1827,
2026-05-21 18:27:55,MRSOONUSDT,0,NONE,G1|G2,G4,2.3827,BEARISH,-11.61,0,2.946E-06,1444976341.6881378,0,,,bloqueado G4,20260521_1827,
2026-05-21 18:27:58,PHBUSDT,0,NONE,G1|G2,G4,2.0956,BULLISH,51.05,0,0.085802,366121.16266165,0,,,bloqueado G4,20260521_1827,
2026-05-21 18:27:59,BUSDT,0,NONE,G1|G2,G4,2.1916,BEARISH,-18.61,0,0.2996,137083.13399714,0,,,bloqueado G4,20260521_1827,
2026-05-21 18:27:59,CHEEMSUSDT,0,NONE,G1|G2,G4,2.2681,BULLISH,9.14,0,7.369E-07,11627916961.006657,0,,,bloqueado G4,20260521_1827,
2026-05-21 18:28:00,EMPUSDT,0,NONE,G1|G2,G4,3.7836,BULLISH,85.8,0,13.7591,1755.0223605,0,,,bloqueado G4,20260521_1827,
2026-05-21 18:28:02,SWARMSUSDT,0,NONE,G1|G2,G4,7.1499,BEARISH,-22.62,0,0.011543,2092523.81610866,0,,,bloqueado G4,20260521_1827,
2026-05-21 18:28:03,MITOUSDT,0,NONE,G1|G2,G4,2.0796,BULLISH,10.59,0,0.043592,219130.59996118,0,,,bloqueado G4,20260521_1827,
2026-05-21 18:28:04,IMGNUSDT,0,NONE,G1|G2,G4,2.4283,BEARISH,-27.95,0,0.00192367,3438024.97553038,0,,,bloqueado G4,20260521_1827,
2026-05-21 18:28:04,RTMUSDT,0,NONE,G1|G2,G4,2.2247,BULLISH,19.73,0,0.00013918,65092685.264074,0,,,bloqueado G4,20260521_1827,
2026-05-21 18:28:05,AVLUSDT,0,NONE,G1|G2,G4,2.1755,BULLISH,42.4,0,0.046586,211624.83744895,0,,,bloqueado G4,20260521_1827,
2026-05-21 18:28:05,ROAMUSDT,0,NONE,G1|G2,G4,2.1103,BULLISH,5.1,0,0.008612,1534095.83738947,0,,,bloqueado G4,20260521_1827,
2026-05-21 18:28:06,HOOKUSDT,0,NONE,G1|G2,G4,2.193,BULLISH,13.29,0,0.009196,812758.76938512,0,,,bloqueado G4,20260521_1827,
2026-05-21 18:28:06,ARRRUSDT,0,NONE,G1|G2,G4,3.8376,BULLISH,32.19,0,0.345775,148772.4657824,0,,,bloqueado G4,20260521_1827,
2026-05-21 18:28:07,CHILLGUYUSDT,0,NONE,G1|G2,G4,2.1827,BULLISH,7.8,0,0.015109,732582.36221686,0,,,bloqueado G4,20260521_1827,
2026-05-21 18:28:07,NEARUSDT,95,DISCOVERY,G1|G2|G3|G4|G5|G6,,2.2168,BULLISH,14.78,0,1.9531,795385.60059292,9.81,0.5,2,"""DISCOVERY score=95 gates=G1,G2,G3,G4,G5,G6""",20260521_1827,
2026-05-22 01:19:48,SKYAIUSDT,0,NONE,G1,G1B,2.0844,BEARISH,-16.68,261598825,0.2638,126866.62438162,0,,,BLOQUEADO -- G1B: spike de distribuicao (chg=-16.68% com spike 2.0844x),20260522_0119,
2026-05-22 02:20:08,BOBUSDT,0,NONE,G1|G2,G4,2.5883,BULLISH,56.28,0,0.011538,1765376.38077839,0,,,bloqueado G4,20260522_0220,
2026-05-22 02:20:08,SKYAIUSDT,0,NONE,G1,G1B,2.2539,BEARISH,-20.28,251028525,0.2539,137181.51645844,0,,,BLOQUEADO -- G1B: spike de distribuicao (chg=-20.28% com spike 2.2539x),20260522_0220,
2026-05-22 02:40:04,BOBUSDT,80,DISCOVERY,G1|G2|G3|G4|G5|G6|G8-LATE,,2.6585,BULLISH,60,341341,0.011798,1813254.43093976,9.81,0.5,2,"""DISCOVERY score=80 gates=G1,G2,G3,G4,G5,G6,G8-LATE""",20260522_0240,
2026-05-22 02:40:04,SKYAIUSDT,0,NONE,G1,G1B,2.2603,BEARISH,-20.5,250566872,0.2517,137571.75782166,0,,,BLOQUEADO -- G1B: spike de distribuicao (chg=-20.5% com spike 2.2603x),20260522_0240,
2026-05-22 02:40:16,BOBUSDT,80,DISCOVERY,G1|G2|G3|G4|G5|G6|G8-LATE,,2.6591,BULLISH,59.8,341341,0.011451,1813675.90624065,9.81,0.5,2,"""DISCOVERY score=80 gates=G1,G2,G3,G4,G5,G6,G8-LATE""",20260522_0240,
2026-05-22 02:40:17,SKYAIUSDT,0,NONE,G1,G1B,2.2603,BEARISH,-20.5,250566872,0.2517,137571.75782166,0,,,BLOQUEADO -- G1B: spike de distribuicao (chg=-20.5% com spike 2.2603x),20260522_0240,
2026-05-22 03:00:43,BOBUSDT,0,NONE,G1|G2,G4,2.7224,BULLISH,54.77,0,0.0115,1856805.7992237,0,,,bloqueado G4,20260522_0300,
2026-05-22 03:00:44,SKYAIUSDT,0,NONE,G1,G1B,2.2705,BEARISH,-20.59,252691289,0.2514,138192.21463149,0,,,BLOQUEADO -- G1B: spike de distribuicao (chg=-20.59% com spike 2.2705x),20260522_0300,
2026-05-22 03:00:54,BOBUSDT,0,NONE,G1|G2,G4,2.7227,BULLISH,55.76,0,0.011427,1857033.7992237,0,,,bloqueado G4,20260522_0300,
2026-05-22 03:00:55,SKYAIUSDT,0,NONE,G1,G1B,2.2705,BEARISH,-20.59,252691289,0.2514,138192.21463149,0,,,BLOQUEADO -- G1B: spike de distribuicao (chg=-20.59% com spike 2.2705x),20260522_0300,
2026-05-22 03:18:59,BOBUSDT,0,NONE,G1|G2,G4,2.7516,BULLISH,56.58,0,0.01156,1876768.76730832,0,,,bloqueado G4,20260522_0318
2026-05-22 03:18:59,SKYAIUSDT,0,NONE,G1,G1B,2.3076,BEARISH,-18.48,248071345,0.2581,140448.3649734,0,,,BLOQUEADO -- G1B: spike de distribuicao (chg=-18.48% com spike 2.3076x),20260522_0318
2026-05-22 03:19:12,BOBUSDT,0,NONE,G1|G2,G4,2.7516,BULLISH,56.58,0,0.01156,1876768.76730832,0,,,bloqueado G4,20260522_0319
2026-05-22 03:19:13,SKYAIUSDT,0,NONE,G1,G1B,2.3076,BEARISH,-18.48,248071345,0.2581,140448.3649734,0,,,BLOQUEADO -- G1B: spike de distribuicao (chg=-18.48% com spike 2.3076x),20260522_0319
2026-05-22 09:26:33,BOBUSDT,0,NONE,G1|G2,G4,3.5657,BULLISH,38.07,0,0.010194,2432018.10479978,0,,,bloqueado G4,20260522_0926
2026-05-22 09:26:34,AGTUSDT,0,NONE,G1|G2,G4,2.3177,BULLISH,15.59,0,0.012198,1048271.09319069,0,,,bloqueado G4,20260522_0926
2026-05-22 09:26:34,NEARUSDT,85,DISCOVERY,G1|G2|G3|G4|G6,,2.4612,BULLISH,16.46,0,2.2508,1427285.88095437,9.81,0.5,2,"""DISCOVERY score=85 gates=G1,G2,G3,G4,G6""",20260522_0926
2026-05-22 09:26:34,SKYAIUSDT,0,NONE,G1,G1B,2.8389,BEARISH,-13.27,274670494,0.2747,172786.25604991,0,,,BLOQUEADO -- G1B: spike de distribuicao (chg=-13.27% com spike 2.8389x),20260522_0926
2026-05-22 09:26:35,OPGUSDT,85,DISCOVERY,G1|G2|G3|G4|G6,,3.9563,BULLISH,7.35,0,0.266645,61837.52108589,9.81,0.5,2,"""DISCOVERY score=85 gates=G1,G2,G3,G4,G6""",20260522_0926
2026-05-22 09:27:07,BOBUSDT,0,NONE,G1|G2,G4,3.5657,BULLISH,38.07,0,0.010189,2432018.10479978,0,,,bloqueado G4,20260522_0927
2026-05-22 09:27:09,AGTUSDT,0,NONE,G1|G2,G4,2.3179,BULLISH,16.25,0,0.012268,1048386.09319069,0,,,bloqueado G4,20260522_0927
2026-05-22 09:27:09,NEARUSDT,85,DISCOVERY,G1|G2|G3|G4|G6,,2.4612,BULLISH,16.54,0,2.2489,1427294.50924651,9.81,0.5,2,"""DISCOVERY score=85 gates=G1,G2,G3,G4,G6""",20260522_0927
2026-05-22 09:27:10,SKYAIUSDT,0,NONE,G1,G1B,2.839,BEARISH,-13.23,274670494,0.2753,172791.26116997,0,,,BLOQUEADO -- G1B: spike de distribuicao (chg=-13.23% com spike 2.839x),20260522_0927
2026-05-22 09:27:11,OPGUSDT,85,DISCOVERY,G1|G2|G3|G4|G6,,3.9571,BULLISH,6.96,0,0.265632,61848.92108589,9.81,0.5,2,"""DISCOVERY score=85 gates=G1,G2,G3,G4,G6""",20260522_0927
2026-05-22 10:27:48,BOBUSDT,0,NONE,G1|G2,G4,3.7151,BULLISH,38.74,0,0.010291,2533929.22687064,0,,,bloqueado G4,20260522_1027
2026-05-22 10:27:49,OPGUSDT,0,NONE,G1|G2,G4,4.1311,NEUTRAL,2.81,0,0.255354,64569.61933563,0,,,bloqueado G4,20260522_1027
2026-05-22 10:27:49,XYOUSDT,0,NONE,G1|G2,G4,2.0473,BULLISH,25.13,0,0.004671,2121407.72763932,0,,,bloqueado G4,20260522_1027
2026-05-22 10:27:50,AGTUSDT,0,NONE,G1|G2,G4,2.5649,BULLISH,26.57,0,0.013357,1160077.49858488,0,,,bloqueado G4,20260522_1027
2026-05-22 10:27:51,NEARUSDT,95,DISCOVERY,G1|G2|G3|G4|G5|G6,,2.6133,BULLISH,19.65,0,2.3068,1515487.81622249,9.81,0.5,2,"""DISCOVERY score=95 gates=G1,G2,G3,G4,G5,G6""",20260522_1027
2026-05-22 10:27:51,SKYAIUSDT,0,NONE,G1,G1B,2.877,BEARISH,-12.13,278334514,0.2776,175101.80402177,0,,,BLOQUEADO -- G1B: spike de distribuicao (chg=-12.13% com spike 2.877x),20260522_1027
2026-05-22 11:22:17,BOBUSDT,0,NONE,G1|G2,G4,3.9405,BULLISH,46.46,0,0.010707,2687639.99013959,0,,,bloqueado G4,20260522_1122
2026-05-22 11:22:19,XYOUSDT,0,NONE,G1|G2,G4,2.0873,BULLISH,23.71,0,0.004642,2162826.89996235,0,,,bloqueado G4,20260522_1122
2026-05-22 11:22:20,AGTUSDT,0,NONE,G1|G2,G4,2.7005,BULLISH,27.86,0,0.013493,1221406.78210564,0,,,bloqueado G4,20260522_1122
2026-05-22 11:22:21,NEARUSDT,85,DISCOVERY,G1|G2|G3|G4|G6,,2.8387,BULLISH,17.53,0,2.2597,1646238.29872029,9.81,0.5,2,"""DISCOVERY score=85 gates=G1,G2,G3,G4,G6""",20260522_1122
2026-05-22 11:22:22,SKYAIUSDT,0,NONE,G1,G1B,2.9026,BEARISH,-10.93,279072743,0.2819,176659.61627961,0,,,BLOQUEADO -- G1B: spike de distribuicao (chg=-10.93% com spike 2.9026x),20260522_1122
2026-05-22 11:22:23,OPGUSDT,85,DISCOVERY,G1|G2|G3|G4|G6,,4.9136,NEUTRAL,-0.94,0,0.245374,76799.25704659,9.81,0.5,2,"""DISCOVERY score=85 gates=G1,G2,G3,G4,G6""",20260522_1122
2026-05-22 11:23:12,BOBUSDT,0,NONE,G1|G2,G4,3.9478,BULLISH,45.02,0,0.010707,2692620.21592896,0,,,bloqueado G4,20260522_1123
2026-05-22 11:23:13,XYOUSDT,0,NONE,G1|G2,G4,2.0947,BULLISH,24.38,0,0.004642,2170473.63949083,0,,,bloqueado G4,20260522_1123
2026-05-22 11:23:14,AGTUSDT,0,NONE,G1|G2,G4,2.7007,BULLISH,27.22,0,0.013425,1221522.78210564,0,,,bloqueado G4,20260522_1123
2026-05-22 11:23:14,NEARUSDT,85,DISCOVERY,G1|G2|G3|G4|G6,,2.8387,BULLISH,17.34,0,2.2694,1646242.28872029,9.81,0.5,2,"""DISCOVERY score=85 gates=G1,G2,G3,G4,G6""",20260522_1123
2026-05-22 11:23:15,SKYAIUSDT,0,NONE,G1,G1B,2.9027,BEARISH,-10.96,279072743,0.2817,176665.41627961,0,,,BLOQUEADO -- G1B: spike de distribuicao (chg=-10.96% com spike 2.9027x),20260522_1123
2026-05-22 11:23:15,OPGUSDT,85,DISCOVERY,G1|G2|G3|G4|G6,,4.914,NEUTRAL,-1.19,0,0.244096,76805.00704659,9.81,0.5,2,"""DISCOVERY score=85 gates=G1,G2,G3,G4,G6""",20260522_1123
2026-05-22 12:23:42,BOBUSDT,0,NONE,G1|G2,G4,4.9319,BULLISH,61.28,0,0.011907,3363857.16588367,0,,,bloqueado G4,20260522_1223
2026-05-22 12:23:43,OPGUSDT,0,NONE,G1|G2,G4,5.14,NEUTRAL,-2.99,0,0.240915,80337.75426293,0,,,bloqueado G4,20260522_1223
2026-05-22 12:23:43,XYOUSDT,0,NONE,G1|G2,G4,2.4809,BULLISH,64.34,0,0.005946,2570719.84503363,0,,,bloqueado G4,20260522_1223
2026-05-22 12:23:43,AGTUSDT,0,NONE,G1|G2,G4,2.8106,BULLISH,22.74,0,0.012953,1271194.24089812,0,,,bloqueado G4,20260522_1223
2026-05-22 12:23:43,NEARUSDT,85,DISCOVERY,G1|G2|G3|G4|G6,,2.9771,BULLISH,15.02,0,2.2145,1726457.78405766,9.81,0.5,2,"""DISCOVERY score=85 gates=G1,G2,G3,G4,G6""",20260522_1223
2026-05-22 12:23:44,SKYAIUSDT,0,NONE,G1,G1B,2.9349,BEARISH,-11.21,279292603,0.2811,178625.81001727,0,,,BLOQUEADO -- G1B: spike de distribuicao (chg=-11.21% com spike 2.9349x),20260522_1223
2026-05-22 13:24:16,BOBUSDT,0,NONE,G1|G2,G4,5.7324,BULLISH,46.07,0,0.010784,3909845.99926324,0,,,bloqueado G4,20260522_1324
2026-05-22 13:24:16,OPGUSDT,0,NONE,G1|G2,G4,5.3409,NEUTRAL,-2.37,0,0.242449,83477.9935153,0,,,bloqueado G4,20260522_1324
2026-05-22 13:24:16,FETUSDT,0,NONE,G1|G2,G4,2.0513,BULLISH,8.45,0,0.210144,1269785.18489466,0,,,bloqueado G4,20260522_1324
2026-05-22 13:24:17,XYOUSDT,0,NONE,G1|G2,G4,3.0403,BULLISH,46.7,0,0.005475,3150323.31088016,0,,,bloqueado G4,20260522_1324
2026-05-22 13:24:17,AGTUSDT,0,NONE,G1|G2,G4,2.9033,BULLISH,23.9,0,0.013075,1313128.75899755,0,,,bloqueado G4,20260522_1324
2026-05-22 13:24:17,SKYAIUSDT,0,NONE,G1,G1B,2.9465,BEARISH,-12.07,277333573,0.2784,179331.98046245,0,,,BLOQUEADO -- G1B: spike de distribuicao (chg=-12.07% com spike 2.9465x),20260522_1324
2026-05-22 14:24:41,BOBUSDT,0,NONE,G1|G2,G4,5.8113,BULLISH,38.97,0,0.01026,3963651.83559553,0,,,bloqueado G4,20260522_1424
2026-05-22 14:24:42,FETUSDT,0,NONE,G1|G2,G4,2.1565,BULLISH,8.39,0,0.210089,1334881.01321741,0,,,bloqueado G4,20260522_1424
2026-05-22 14:24:42,XYOUSDT,0,NONE,G1|G2,G4,3.2435,BULLISH,53.91,0,0.005744,3360893.93312933,0,,,bloqueado G4,20260522_1424
2026-05-22 14:24:42,AGTUSDT,0,NONE,G1|G2,G4,2.9552,BULLISH,24.65,0,0.013154,1336625.14565995,0,,,bloqueado G4,20260522_1424
2026-05-22 14:24:42,DONKEYUSDT,0,NONE,G1|G2,G4,2.2277,BULLISH,36.95,0,0.00045406,26895826.16889251,0,,,bloqueado G4,20260522_1424
2026-05-22 14:24:43,SKYAIUSDT,0,NONE,G1,G1B,2.9532,BEARISH,-12.41,277010461,0.277,179744.4762907,0,,,BLOQUEADO -- G1B: spike de distribuicao (chg=-12.41% com spike 2.9532x),20260522_1424
2026-05-22 14:24:44,OPGUSDT,85,DISCOVERY,G1|G2|G3|G4|G6,,5.4244,NEUTRAL,-3.45,0,0.239769,84783.94401914,9.81,0.5,2,"""DISCOVERY score=85 gates=G1,G2,G3,G4,G6""",20260522_1424
2026-05-22 14:34:42,BOBUSDT,0,NONE,G1|G2,G4,5.8767,BULLISH,37.02,0,0.010116,4008256.94982402,0,,,bloqueado G4,20260522_1434
2026-05-22 14:34:43,FETUSDT,0,NONE,G1|G2,G4,2.157,BULLISH,8.68,0,0.210814,1335223.56321741,0,,,bloqueado G4,20260522_1434
2026-05-22 14:34:43,XYOUSDT,0,NONE,G1|G2,G4,3.265,BULLISH,49.84,0,0.005592,3383184.01830106,0,,,bloqueado G4,20260522_1434
2026-05-22 14:34:43,AGTUSDT,0,NONE,G1|G2,G4,2.9691,BULLISH,24.67,0,0.013156,1342897.02564404,0,,,bloqueado G4,20260522_1434
2026-05-22 14:34:44,DONKEYUSDT,0,NONE,G1|G2,G4,2.2606,BULLISH,41.38,0,0.00046406,27293381.731874719,0,,,bloqueado G4,20260522_1434
2026-05-22 14:34:44,SKYAIUSDT,0,NONE,G1,G1B,3.118,BEARISH,-12.26,276282040,0.2776,189769.48673563,0,,,BLOQUEADO -- G1B: spike de distribuicao (chg=-12.26% com spike 3.118x),20260522_1434
2026-05-22 14:34:44,OPGUSDT,85,DISCOVERY,G1|G2|G3|G4|G6,,5.45,NEUTRAL,-3.16,0,0.240494,85182.92007821,9.81,0.5,2,"""DISCOVERY score=85 gates=G1,G2,G3,G4,G6""",20260522_1434
2026-05-22 14:34:45,FARMUSDT,78,DISCOVERY,G1|G2|G3|G4|G6,,2.0014,BULLISH,18.31,11822.22,7.9708,1065.68597193,9.81,0.5,2,"""DISCOVERY score=78 gates=G1,G2,G3,G4,G6""",20260522_1434
2026-05-22 14:34:56,BOBUSDT,0,NONE,G1|G2,G4,5.8767,BULLISH,37.02,0,0.010116,4008256.94982402,0,,,bloqueado G4,20260522_1434
2026-05-22 14:34:56,FETUSDT,0,NONE,G1|G2,G4,2.157,BULLISH,8.68,0,0.210816,1335229.41321741,0,,,bloqueado G4,20260522_1434
2026-05-22 14:34:56,XYOUSDT,0,NONE,G1|G2,G4,3.265,BULLISH,49.84,0,0.005592,3383184.01830106,0,,,bloqueado G4,20260522_1434
2026-05-22 14:34:57,AGTUSDT,0,NONE,G1|G2,G4,2.9691,BULLISH,24.67,0,0.013192,1342897.02564404,0,,,bloqueado G4,20260522_1434
2026-05-22 14:34:57,DONKEYUSDT,0,NONE,G1|G2,G4,2.2606,BULLISH,41.38,0,0.00045946,27293381.731874719,0,,,bloqueado G4,20260522_1434
2026-05-22 14:34:57,SKYAIUSDT,0,NONE,G1,G1B,3.118,BEARISH,-12.26,276282040,0.2776,189769.48673563,0,,,BLOQUEADO -- G1B: spike de distribuicao (chg=-12.26% com spike 3.118x),20260522_1434
2026-05-22 14:34:58,OPGUSDT,85,DISCOVERY,G1|G2|G3|G4|G6,,5.45,NEUTRAL,-3.16,0,0.240316,85182.92007821,9.81,0.5,2,"""DISCOVERY score=85 gates=G1,G2,G3,G4,G6""",20260522_1434
2026-05-22 14:34:58,FARMUSDT,78,DISCOVERY,G1|G2|G3|G4|G6,,2.0014,BULLISH,18.31,0,7.9417,1065.68597193,9.81,0.5,2,"""DISCOVERY score=78 gates=G1,G2,G3,G4,G6""",20260522_1434
2026-05-22 14:58:34,BOBUSDT,0,NONE,G1|G2,G4,5.9051,BULLISH,34.19,0,0.009995,4027626.29890402,0,,,bloqueado G4,20260522_1458
2026-05-22 14:58:34,OPGUSDT,0,NONE,G1|G2,G4,5.4686,NEUTRAL,-4.41,0,0.237396,85473.57564043,0,,,bloqueado G4,20260522_1458
2026-05-22 14:58:34,FETUSDT,0,NONE,G1|G2,G4,2.1591,BULLISH,7.62,0,0.208588,1336538.11321741,0,,,bloqueado G4,20260522_1458
2026-05-22 14:58:35,XYOUSDT,0,NONE,G1|G2,G4,3.2878,BULLISH,39.44,0,0.005204,3406842.95264641,0,,,bloqueado G4,20260522_1458
2026-05-22 14:58:35,AGTUSDT,0,NONE,G1|G2,G4,3.5127,BULLISH,25.92,0,0.013288,1588769.252824,0,,,bloqueado G4,20260522_1458
2026-05-22 14:58:35,DONKEYUSDT,0,NONE,G1|G2,G4,2.2824,BULLISH,44.21,0,0.00047334,27556491.92399358,0,,,bloqueado G4,20260522_1458
2026-05-22 14:58:36,SKYAIUSDT,0,NONE,G1,G1B,3.1724,BEARISH,-13.71,272406055,0.2732,193082.11562236,0,,,BLOQUEADO -- G1B: spike de distribuicao (chg=-13.71% com spike 3.1724x),20260522_1458
2026-05-22 14:58:36,FARMUSDT,78,DISCOVERY,G1|G2|G3|G4|G6,,2.0248,BULLISH,10.26,11822.22,7.4286,1078.16692493,9.81,0.5,2,"""DISCOVERY score=78 gates=G1,G2,G3,G4,G6""",20260522_1458
2026-05-22 14:58:45,BOBUSDT,0,NONE,G1|G2,G4,5.9108,BULLISH,35.38,0,0.009995,4031510.09692278,0,,,bloqueado G4,20260522_1458
2026-05-22 14:58:45,OPGUSDT,0,NONE,G1|G2,G4,5.4686,NEUTRAL,-4.41,0,0.237381,85473.57564043,0,,,bloqueado G4,20260522_1458
2026-05-22 14:58:45,FETUSDT,0,NONE,G1|G2,G4,2.1591,BULLISH,7.62,0,0.208461,1336544.06321741,0,,,bloqueado G4,20260522_1458
2026-05-22 14:58:46,XYOUSDT,0,NONE,G1|G2,G4,3.2878,BULLISH,39.44,0,0.005204,3406842.95264641,0,,,bloqueado G4,20260522_1458
2026-05-22 14:58:46,AGTUSDT,0,NONE,G1|G2,G4,3.5127,BULLISH,25.92,0,0.013288,1588769.252824,0,,,bloqueado G4,20260522_1458
2026-05-22 14:58:46,DONKEYUSDT,0,NONE,G1|G2,G4,2.2824,BULLISH,44.21,0,0.00047334,27556491.92399358,0,,,bloqueado G4,20260522_1458
2026-05-22 14:58:47,SKYAIUSDT,0,NONE,G1,G1B,3.1724,BEARISH,-13.71,272406055,0.2732,193082.11562236,0,,,BLOQUEADO -- G1B: spike de distribuicao (chg=-13.71% com spike 3.1724x),20260522_1458
2026-05-22 14:58:47,FARMUSDT,78,DISCOVERY,G1|G2|G3|G4|G6,,2.0248,BULLISH,10.26,11822.22,7.4286,1078.16692493,9.81,0.5,2,"""DISCOVERY score=78 gates=G1,G2,G3,G4,G6""",20260522_1458
2026-05-22 15:59:07,BOBUSDT,0,NONE,G1|G2,G4,6.2655,BULLISH,40.25,0,0.010345,4273461.59040167,0,,,bloqueado G4,20260522_1559
2026-05-22 15:59:07,OPGUSDT,0,NONE,G1|G2,G4,5.6767,NEUTRAL,-6.51,0,0.232176,88726.40920559,0,,,bloqueado G4,20260522_1559
2026-05-22 15:59:08,FETUSDT,0,NONE,G1|G2,G4,2.335,BULLISH,5.58,0,0.204632,1445383.94505104,0,,,bloqueado G4,20260522_1559
2026-05-22 15:59:08,XYOUSDT,0,NONE,G1|G2,G4,3.4172,BULLISH,31.78,0,0.004924,3540908.59672627,0,,,bloqueado G4,20260522_1559
2026-05-22 15:59:09,AGTUSDT,0,NONE,G1|G2,G4,3.5536,BULLISH,22.78,0,0.012957,1607262.28178152,0,,,bloqueado G4,20260522_1559
2026-05-22 15:59:09,DONKEYUSDT,0,NONE,G1|G2,G4,2.5511,BULLISH,33.4,0,0.00043786,30800732.722218111,0,,,bloqueado G4,20260522_1559
2026-05-22 15:59:09,SKYAIUSDT,0,NONE,G1,G1B,3.1952,BEARISH,-13.68,272272322,0.273,194469.42273884,0,,,BLOQUEADO -- G1B: spike de distribuicao (chg=-13.68% com spike 3.1952x),20260522_1559
2026-05-22 15:59:10,FARMUSDT,78,DISCOVERY,G1|G2|G3|G4|G6,,2.1198,BULLISH,14.5,11822.22,7.7154,1128.75011425,9.81,0.5,2,"""DISCOVERY score=78 gates=G1,G2,G3,G4,G6""",20260522_1559
2026-05-22 16:43:42,BOBUSDT,0,NONE,G1|G2,G4,6.6538,BULLISH,46.84,0,0.010841,4538294.2165945,0,,,bloqueado G4,20260522_1643
2026-05-22 16:43:42,FHEUSDT,0,NONE,G1|G2,G4,2.0171,BULLISH,8.16,0,0.029903,356975.71712881,0,,,bloqueado G4,20260522_1643
2026-05-22 16:43:44,OPGUSDT,0,NONE,G1|G2,G4,5.7313,NEUTRAL,-9.46,0,0.224784,89579.73483508,0,,,bloqueado G4,20260522_1643
2026-05-22 16:43:45,VIRTUALUSDT,0,NONE,G1|G2,G4,2.1007,NEUTRAL,-3.27,0,0.7287,141987.83237535,0,,,bloqueado G4,20260522_1643
2026-05-22 16:43:46,INUSDT,0,NONE,G1|G2,G4,2.0859,BULLISH,20.94,0,0.0738,88404.84152287,0,,,bloqueado G4,20260522_1643
2026-05-22 16:43:48,AURASOLUSDT,0,NONE,G1|G2,G4,2.4817,BEARISH,-20.09,0,0.015721,1885369.01645325,0,,,bloqueado G4,20260522_1643
2026-05-22 16:43:50,COOKIEUSDT,0,NONE,G1|G2,G4,2.2641,BEARISH,-21.18,0,0.014368,748465.59015625,0,,,bloqueado G4,20260522_1643
2026-05-22 16:43:50,FETUSDT,0,NONE,G1|G2,G4,2.5274,NEUTRAL,2.46,0,0.198623,1564486.52038316,0,,,bloqueado G4,20260522_1643
2026-05-22 16:43:51,XYOUSDT,0,NONE,G1|G2,G4,3.5965,BULLISH,28.7,0,0.004803,3726723.32965606,0,,,bloqueado G4,20260522_1643
2026-05-22 16:45:15,BOBUSDT,0,NONE,G1|G2,G4,6.6595,BULLISH,47.03,0,0.010636,4542152.27872918,0,,,bloqueado G4,20260522_1645
2026-05-22 16:45:15,FHEUSDT,0,NONE,G1|G2,G4,2.0177,BULLISH,8.21,0,0.029958,357090.86513043,0,,,bloqueado G4,20260522_1645
2026-05-22 16:45:16,OPGUSDT,0,NONE,G1|G2,G4,5.743,NEUTRAL,-9.48,0,0.224399,89763.48344352,0,,,bloqueado G4,20260522_1645
2026-05-22 16:45:16,INUSDT,0,NONE,G1|G2,G4,2.0876,BULLISH,21.26,0,0.073995,88473.18759611,0,,,bloqueado G4,20260522_1645
2026-05-22 16:45:16,AURASOLUSDT,0,NONE,G1|G2,G4,2.5135,BEARISH,-19.93,0,0.015669,1909566.01645325,0,,,bloqueado G4,20260522_1645
2026-05-22 16:45:17,COOKIEUSDT,0,NONE,G1|G2,G4,2.2699,BEARISH,-21.69,0,0.014377,750376.14304318,0,,,bloqueado G4,20260522_1645
2026-05-22 16:45:17,FETUSDT,0,NONE,G1|G2,G4,2.5366,NEUTRAL,2.79,0,0.19901,1570200.03192233,0,,,bloqueado G4,20260522_1645
2026-05-22 16:45:18,XYOUSDT,0,NONE,G1|G2,G4,3.6037,BULLISH,26.13,0,0.004707,3734108.00370156,0,,,bloqueado G4,20260522_1645
2026-05-22 16:45:18,AGTUSDT,0,NONE,G1|G2,G4,3.5983,BULLISH,23.21,0,0.013002,1627474.5317421,0,,,bloqueado G4,20260522_1645
2026-05-22 16:45:18,DONKEYUSDT,0,NONE,G1|G2,G4,2.6917,BULLISH,38.26,0,0.0004538,32498372.11134107,0,,,bloqueado G4,20260522_1645
2026-05-22 16:45:19,SKYAIUSDT,0,NONE,G1,G1B,3.237,BEARISH,-14.94,269155042,0.2696,197015.75266048,0,,,BLOQUEADO -- G1B: spike de distribuicao (chg=-14.94% com spike 3.237x),20260522_1645
2026-05-22 16:45:19,FARMUSDT,78,DISCOVERY,G1|G2|G3|G4|G6,,2.1947,BULLISH,7.86,11822.22,7.245,1168.61699242,9.81,0.5,2,"""DISCOVERY score=78 gates=G1,G2,G3,G4,G6""",20260522_1645
2026-05-22 16:45:38,BOBUSDT,0,NONE,G1|G2,G4,6.6621,BULLISH,46.84,0,0.010636,4543927.91320865,0,,,bloqueado G4,20260522_1645
2026-05-22 16:45:39,FHEUSDT,0,NONE,G1|G2,G4,2.0184,BULLISH,8.36,0,0.029958,357206.47020501,0,,,bloqueado G4,20260522_1645
2026-05-22 16:45:39,OPGUSDT,0,NONE,G1|G2,G4,5.7437,NEUTRAL,-9.64,0,0.224399,89774.64835707,0,,,bloqueado G4,20260522_1645
2026-05-22 16:45:39,INUSDT,0,NONE,G1|G2,G4,2.0876,BULLISH,21.26,0,0.073995,88473.18759611,0,,,bloqueado G4,20260522_1645
2026-05-22 16:45:40,AURASOLUSDT,0,NONE,G1|G2,G4,2.5139,BEARISH,-20.2,0,0.015669,1909799.85562069,0,,,bloqueado G4,20260522_1645
2026-05-22 16:45:40,COOKIEUSDT,0,NONE,G1|G2,G4,2.2699,BEARISH,-21.69,0,0.014377,750376.14304318,0,,,bloqueado G4,20260522_1645
2026-05-22 16:45:40,FETUSDT,0,NONE,G1|G2,G4,2.5366,NEUTRAL,2.66,0,0.198974,1570217.58192233,0,,,bloqueado G4,20260522_1645
2026-05-22 16:45:41,XYOUSDT,0,NONE,G1|G2,G4,3.6037,BULLISH,26.13,0,0.004707,3734108.00370156,0,,,bloqueado G4,20260522_1645
2026-05-22 16:45:41,AGTUSDT,0,NONE,G1|G2,G4,3.5983,BULLISH,23.21,0,0.013002,1627474.5317421,0,,,bloqueado G4,20260522_1645
2026-05-22 16:45:42,DONKEYUSDT,0,NONE,G1|G2,G4,2.6917,BULLISH,38.26,0,0.0004538,32498372.11134107,0,,,bloqueado G4,20260522_1645
2026-05-22 16:45:42,SKYAIUSDT,0,NONE,G1,G1B,3.2372,BEARISH,-14.85,269155042,0.2696,197026.47289979,0,,,BLOQUEADO -- G1B: spike de distribuicao (chg=-14.85% com spike 3.2372x),20260522_1645
2026-05-22 16:45:43,FARMUSDT,78,DISCOVERY,G1|G2|G3|G4|G6,,2.1951,BULLISH,7.54,11822.22,7.245,1168.83699242,9.81,0.5,2,"""DISCOVERY score=78 gates=G1,G2,G3,G4,G6""",20260522_1645
2026-05-22 17:15:43,BOBUSDT,0,NONE,G1|G2,G4,6.9051,BULLISH,36.68,0,0.010091,4709706.21172675,0,,,bloqueado G4,20260522_1715
2026-05-22 17:15:45,FHEUSDT,0,NONE,G1|G2,G4,2.0417,BULLISH,7.94,0,0.029842,361324.33840715,0,,,bloqueado G4,20260522_1715
2026-05-22 17:15:45,OPGUSDT,0,NONE,G1|G2,G4,5.7911,NEUTRAL,-7.88,0,0.228761,90514.034148,0,,,bloqueado G4,20260522_1715
2026-05-22 17:15:46,INUSDT,0,NONE,G1|G2,G4,2.153,BULLISH,22.53,0,0.074771,91245.92683038,0,,,bloqueado G4,20260522_1715
2026-05-22 17:15:47,AURASOLUSDT,0,NONE,G1|G2,G4,2.6125,BEARISH,-21.93,0,0.015329,1984772.33207184,0,,,bloqueado G4,20260522_1715
2026-05-22 17:15:47,COOKIEUSDT,0,NONE,G1|G2,G4,2.3515,BEARISH,-21.3,0,0.014449,777365.74814201,0,,,bloqueado G4,20260522_1715
2026-05-22 17:15:48,FETUSDT,0,NONE,G1|G2,G4,2.5577,NEUTRAL,4.05,0,0.201684,1583266.31754074,0,,,bloqueado G4,20260522_1715
2026-05-22 17:15:49,XYOUSDT,0,NONE,G1|G2,G4,3.6706,BULLISH,29.82,0,0.004845,3803466.90678124,0,,,bloqueado G4,20260522_1715
2026-05-22 17:15:49,AGTUSDT,0,NONE,G1|G2,G4,3.608,BULLISH,23.28,0,0.01301,1631873.60074114,0,,,bloqueado G4,20260522_1715
2026-05-22 17:15:50,DONKEYUSDT,0,NONE,G1|G2,G4,2.7413,BULLISH,34.24,0,0.00044063,33097389.207217649,0,,,bloqueado G4,20260522_1715
2026-05-22 17:15:50,SKYAIUSDT,0,NONE,G1,G1B,3.2566,BEARISH,-14.47,269773094,0.2708,198206.6262835,0,,,BLOQUEADO -- G1B: spike de distribuicao (chg=-14.47% com spike 3.2566x),20260522_1715
2026-05-22 17:15:51,FARMUSDT,78,DISCOVERY,G1|G2|G3|G4|G6,,2.2387,BULLISH,8,11822.22,7.2765,1192.05348846,9.81,0.5,2,"""DISCOVERY score=78 gates=G1,G2,G3,G4,G6""",20260522_1715
2026-05-22 17:15:58,BOBUSDT,0,NONE,G1|G2,G4,6.9051,BULLISH,36.68,0,0.010091,4709706.21172675,0,,,bloqueado G4,20260522_1715
2026-05-22 17:15:59,FHEUSDT,0,NONE,G1|G2,G4,2.0417,BULLISH,7.94,0,0.029842,361324.33840715,0,,,bloqueado G4,20260522_1715
2026-05-22 17:16:00,OPGUSDT,0,NONE,G1|G2,G4,5.7911,NEUTRAL,-7.88,0,0.22877,90514.034148,0,,,bloqueado G4,20260522_1715
2026-05-22 17:16:00,INUSDT,0,NONE,G1|G2,G4,2.153,BULLISH,22.53,0,0.074771,91245.92683038,0,,,bloqueado G4,20260522_1715
2026-05-22 17:16:01,AURASOLUSDT,0,NONE,G1|G2,G4,2.6125,BEARISH,-21.93,0,0.015329,1984772.33207184,0,,,bloqueado G4,20260522_1715
2026-05-22 17:16:01,COOKIEUSDT,0,NONE,G1|G2,G4,2.3515,BEARISH,-21.3,0,0.014449,777365.74814201,0,,,bloqueado G4,20260522_1715
2026-05-22 17:16:02,FETUSDT,0,NONE,G1|G2,G4,2.5577,NEUTRAL,4.02,0,0.201681,1583277.46754074,0,,,bloqueado G4,20260522_1715
2026-05-22 17:16:02,XYOUSDT,0,NONE,G1|G2,G4,3.6706,BULLISH,29.82,0,0.004846,3803466.90678124,0,,,bloqueado G4,20260522_1715
2026-05-22 17:16:03,AGTUSDT,0,NONE,G1|G2,G4,3.608,BULLISH,23.28,0,0.01301,1631873.60074114,0,,,bloqueado G4,20260522_1715
2026-05-22 17:16:03,DONKEYUSDT,0,NONE,G1|G2,G4,2.7413,BULLISH,34.24,0,0.00044063,33097389.207217649,0,,,bloqueado G4,20260522_1715
2026-05-22 17:16:04,SKYAIUSDT,0,NONE,G1,G1B,3.2566,BEARISH,-14.47,269773094,0.2708,198206.6262835,0,,,BLOQUEADO -- G1B: spike de distribuicao (chg=-14.47% com spike 3.2566x),20260522_1715
2026-05-22 17:16:04,FARMUSDT,78,DISCOVERY,G1|G2|G3|G4|G6,,2.2387,BULLISH,8,11822.22,7.2765,1192.05348846,9.81,0.5,2,"""DISCOVERY score=78 gates=G1,G2,G3,G4,G6""",20260522_1715
2026-05-22 17:49:10,BOBUSDT,0,NONE,G1|G2,G4,6.9903,BULLISH,41.24,0,0.010409,4767771.71830499,0,,,bloqueado G4,20260522_1749
2026-05-22 17:49:11,FHEUSDT,0,NONE,G1|G2,G4,2.06,BULLISH,8.22,0,0.029916,364563.40806745,0,,,bloqueado G4,20260522_1749
2026-05-22 17:49:11,OPGUSDT,0,NONE,G1|G2,G4,5.8259,NEUTRAL,-7.75,0,0.2288,91058.42163656,0,,,bloqueado G4,20260522_1749
2026-05-22 17:49:11,INUSDT,0,NONE,G1|G2,G4,2.2309,BULLISH,25.59,0,0.076554,94546.71095069,0,,,bloqueado G4,20260522_1749
2026-05-22 17:49:12,AURASOLUSDT,0,NONE,G1|G2,G4,2.6215,BEARISH,-20.83,0,0.015546,1991596.23159738,0,,,bloqueado G4,20260522_1749
2026-05-22 17:49:12,COOKIEUSDT,0,NONE,G1|G2,G4,2.3803,BEARISH,-20.39,0,0.014666,786901.71974541,0,,,bloqueado G4,20260522_1749
2026-05-22 17:49:12,FETUSDT,0,NONE,G1|G2,G4,2.5822,NEUTRAL,4.26,0,0.202066,1598401.72934703,0,,,bloqueado G4,20260522_1749
2026-05-22 17:49:12,XYOUSDT,0,NONE,G1|G2,G4,3.6893,BULLISH,32.23,0,0.004935,3822865.76291043,0,,,bloqueado G4,20260522_1749
2026-05-22 17:49:13,AGTUSDT,0,NONE,G1|G2,G4,3.6285,BULLISH,20.73,0,0.012741,1641144.39838732,0,,,bloqueado G4,20260522_1749
2026-05-22 17:49:13,RIFUSDT,0,NONE,G1|G2,G4,2.2311,BEARISH,-30.17,0,0.050651,98347.39194605,0,,,bloqueado G4,20260522_1749
2026-05-22 17:49:13,DONKEYUSDT,0,NONE,G1|G2,G4,2.7723,BULLISH,46.31,0,0.00048023,33472183.686887652,0,,,bloqueado G4,20260522_1749
2026-05-22 17:49:14,GAMEUSDT,0,NONE,G1,G1B,2.46,BEARISH,-14.66,0,0.006953,985309.87818887,0,,,BLOQUEADO -- G1B: spike de distribuicao (chg=-14.66% com spike 2.46x),20260522_1749
2026-05-22 17:49:14,SKYAIUSDT,0,NONE,G1,G1B,3.27,BEARISH,-14.59,269168205,0.2704,199021.62659451,0,,,BLOQUEADO -- G1B: spike de distribuicao (chg=-14.59% com spike 3.27x),20260522_1749
2026-05-22 17:49:14,FARMUSDT,78,DISCOVERY,G1|G2|G3|G4|G6,,2.2655,BULLISH,6.62,11822.22,7.183,1206.33615951,9.81,0.5,2,"""DISCOVERY score=78 gates=G1,G2,G3,G4,G6""",20260522_1749
2026-05-22 17:49:23,BOBUSDT,0,NONE,G1|G2,G4,6.9903,BULLISH,41.24,0,0.010409,4767771.71830499,0,,,bloqueado G4,20260522_1749
2026-05-22 17:49:23,FHEUSDT,0,NONE,G1|G2,G4,2.0603,BULLISH,8.2,0,0.029916,364620.84290265,0,,,bloqueado G4,20260522_1749
2026-05-22 17:49:24,OPGUSDT,0,NONE,G1|G2,G4,5.8262,NEUTRAL,-7.87,0,0.2288,91063.97163656,0,,,bloqueado G4,20260522_1749
2026-05-22 17:49:24,INUSDT,0,NONE,G1|G2,G4,2.2309,BULLISH,25.59,0,0.076554,94546.71095069,0,,,bloqueado G4,20260522_1749
2026-05-22 17:49:24,AURASOLUSDT,0,NONE,G1|G2,G4,2.6217,BEARISH,-20.83,0,0.015546,1991711.23159738,0,,,bloqueado G4,20260522_1749
2026-05-22 17:49:25,COOKIEUSDT,0,NONE,G1|G2,G4,2.3807,BEARISH,-20.12,0,0.014666,787013.71974541,0,,,bloqueado G4,20260522_1749
2026-05-22 17:49:25,FETUSDT,0,NONE,G1|G2,G4,2.5822,NEUTRAL,4.23,0,0.202066,1598407.27934703,0,,,bloqueado G4,20260522_1749
2026-05-22 17:49:25,XYOUSDT,0,NONE,G1|G2,G4,3.6895,BULLISH,32.23,0,0.004935,3823095.76291043,0,,,bloqueado G4,20260522_1749
2026-05-22 17:49:26,AGTUSDT,0,NONE,G1|G2,G4,3.6288,BULLISH,20.73,0,0.012741,1641254.39838732,0,,,bloqueado G4,20260522_1749
2026-05-22 17:49:26,RIFUSDT,0,NONE,G1|G2,G4,2.2316,BEARISH,-30.38,0,0.050651,98369.39194605,0,,,bloqueado G4,20260522_1749
2026-05-22 17:49:26,DONKEYUSDT,0,NONE,G1|G2,G4,2.7723,BULLISH,46.31,0,0.00048023,33472183.686887652,0,,,bloqueado G4,20260522_1749
2026-05-22 17:49:26,GAMEUSDT,0,NONE,G1,G1B,2.46,BEARISH,-14.66,0,0.006953,985309.87818887,0,,,BLOQUEADO -- G1B: spike de distribuicao (chg=-14.66% com spike 2.46x),20260522_1749
2026-05-22 17:49:27,SKYAIUSDT,0,NONE,G1,G1B,3.27,BEARISH,-14.59,269168205,0.2704,199021.62659451,0,,,BLOQUEADO -- G1B: spike de distribuicao (chg=-14.59% com spike 3.27x),20260522_1749
2026-05-22 17:49:27,FARMUSDT,78,DISCOVERY,G1|G2|G3|G4|G6,,2.266,BULLISH,6.62,0,7.183,1206.56415951,9.81,0.5,2,"""DISCOVERY score=78 gates=G1,G2,G3,G4,G6""",20260522_1749
2026-05-22 18:49:41,BOBUSDT,0,NONE,G1|G2,G4,7.0665,BULLISH,42.04,0,0.010487,4819764.64242648,0,,,bloqueado G4,20260522_1849
2026-05-22 18:49:42,FHEUSDT,0,NONE,G1|G2,G4,2.0963,BULLISH,9.22,0,0.030198,370989.17060788,0,,,bloqueado G4,20260522_1849
2026-05-22 18:49:42,OPGUSDT,0,NONE,G1|G2,G4,5.862,NEUTRAL,-7.43,0,0.229896,91623.43433588,0,,,bloqueado G4,20260522_1849
2026-05-22 18:49:42,INUSDT,0,NONE,G1|G2,G4,2.3213,BULLISH,25.78,0,0.076755,98380.58106585,0,,,bloqueado G4,20260522_1849
2026-05-22 18:49:43,AURASOLUSDT,0,NONE,G1|G2,G4,2.7027,BEARISH,-18.06,0,0.016088,2053277.69389299,0,,,bloqueado G4,20260522_1849
2026-05-22 18:49:43,COOKIEUSDT,0,NONE,G1|G2,G4,2.4486,BEARISH,-19.18,0,0.014838,809480.47225432,0,,,bloqueado G4,20260522_1849
2026-05-22 18:49:43,FETUSDT,0,NONE,G1|G2,G4,2.6438,NEUTRAL,4.2,0,0.201826,1636542.21342514,0,,,bloqueado G4,20260522_1849
2026-05-22 18:49:43,XYOUSDT,0,NONE,G1|G2,G4,3.7133,BULLISH,29.82,0,0.004845,3847752.10145971,0,,,bloqueado G4,20260522_1849
2026-05-22 18:49:44,AGTUSDT,0,NONE,G1|G2,G4,3.644,BULLISH,20.98,0,0.012767,1648131.39838732,0,,,bloqueado G4,20260522_1849
2026-05-22 18:49:44,RIFUSDT,0,NONE,G1|G2,G4,2.4718,BEARISH,-28.16,0,0.052263,108961.12481425,0,,,bloqueado G4,20260522_1849
2026-05-22 18:49:44,ALCXUSDT,0,NONE,G1|G2,G4,2.9134,BEARISH,-12.6,0,4.4176,1080.37391678,0,,,bloqueado G4,20260522_1849
2026-05-22 18:49:45,DONKEYUSDT,0,NONE,G1|G2,G4,2.8698,BULLISH,42.28,0,0.00046664,34649274.420003131,0,,,bloqueado G4,20260522_1849
2026-05-22 18:49:45,GAMEUSDT,0,NONE,G1,G1B,2.5976,BEARISH,-14.85,0,0.006937,1040410.00211966,0,,,BLOQUEADO -- G1B: spike de distribuicao (chg=-14.85% com spike 2.5976x),20260522_1849
2026-05-22 18:49:45,SKYAIUSDT,0,NONE,G1,G1B,3.2835,BEARISH,-13.04,275152995,0.2753,199847.68141867,0,,,BLOQUEADO -- G1B: spike de distribuicao (chg=-13.04% com spike 3.2835x),20260522_1849
2026-05-22 18:49:46,FARMUSDT,88,DISCOVERY,G1|G2|G3|G4|G5|G6,,2.4267,BULLISH,12.14,11822.22,7.555,1292.14633109,9.81,0.5,2,"""DISCOVERY score=88 gates=G1,G2,G3,G4,G5,G6""",20260522_1849
2026-05-22 19:50:23,BOBUSDT,0,NONE,G1|G2,G4,7.1624,BULLISH,35.22,0,0.009983,4885170.45248536,0,,,bloqueado G4,20260522_1950
2026-05-22 19:50:23,FHEUSDT,0,NONE,G1|G2,G4,2.2421,NEUTRAL,3.24,0,0.028545,396800.18717556,0,,,bloqueado G4,20260522_1950
2026-05-22 19:50:24,HUSDT,0,NONE,G1|G2,G4,3.6909,BEARISH,-12.5,0,0.20343,114151.69918388,0,,,bloqueado G4,20260522_1950
2026-05-22 19:50:24,OPGUSDT,0,NONE,G1|G2,G4,5.9165,BEARISH,-10.59,0,0.222038,92474.90173278,0,,,bloqueado G4,20260522_1950
2026-05-22 19:50:24,NKNUSDT,0,NONE,G1|G2,G4,2.1692,BULLISH,12.53,0,0.008034,820244.68051161,0,,,bloqueado G4,20260522_1950
2026-05-22 19:50:25,INUSDT,0,NONE,G1|G2,G4,2.4483,BULLISH,28.27,0,0.07828,103761.47915852,0,,,bloqueado G4,20260522_1950
2026-05-22 19:50:25,AURASOLUSDT,0,NONE,G1|G2,G4,2.7143,BEARISH,-18.95,0,0.015914,2062047.02203667,0,,,bloqueado G4,20260522_1950
2026-05-22 19:50:25,COOKIEUSDT,0,NONE,G1|G2,G4,2.508,BEARISH,-20.39,0,0.014616,829097.56217685,0,,,bloqueado G4,20260522_1950
2026-05-22 19:50:25,FETUSDT,0,NONE,G1|G2,G4,2.6889,NEUTRAL,3.22,0,0.200063,1664468.30896803,0,,,bloqueado G4,20260522_1950
2026-05-22 19:50:26,XYOUSDT,0,NONE,G1|G2,G4,3.7838,BULLISH,35.37,0,0.005052,3920770.78540995,0,,,bloqueado G4,20260522_1950
2026-05-22 19:50:26,AGTUSDT,0,NONE,G1|G2,G4,3.6652,BULLISH,19.87,0,0.01265,1657751.36846444,0,,,bloqueado G4,20260522_1950
2026-05-22 19:50:26,RIFUSDT,0,NONE,G1|G2,G4,2.6748,BEARISH,-29.26,0,0.051462,117907.50944537,0,,,bloqueado G4,20260522_1950
2026-05-22 19:50:27,ALCXUSDT,0,NONE,G1|G2,G4,2.9512,BEARISH,-12.35,0,4.43,1094.38991678,0,,,bloqueado G4,20260522_1950
2026-05-22 19:50:27,DONKEYUSDT,0,NONE,G1|G2,G4,2.9464,BULLISH,42.27,0,0.00046698,35573212.437688857,0,,,bloqueado G4,20260522_1950
2026-05-22 19:50:27,QTCUSDT,0,NONE,G1|G2,G4,2.0008,BULLISH,21.88,0,0.5192,33908.10605087,0,,,bloqueado G4,20260522_1950
2026-05-22 19:50:27,GAMEUSDT,0,NONE,G1,G1B,2.632,BEARISH,-14.42,0,0.006972,1054204.00211966,0,,,BLOQUEADO -- G1B: spike de distribuicao (chg=-14.42% com spike 2.632x),20260522_1950
2026-05-22 19:50:28,SKYAIUSDT,0,NONE,G1,G1B,3.3556,BEARISH,-11.5,278467581,0.2802,204233.30520533,0,,,BLOQUEADO -- G1B: spike de distribuicao (chg=-11.5% com spike 3.3556x),20260522_1950
2026-05-22 19:50:28,FARMUSDT,88,DISCOVERY,G1|G2|G3|G4|G5|G6,,2.5327,BULLISH,23.8,11822.22,8.3405,1348.58911257,9.81,0.5,2,"""DISCOVERY score=88 gates=G1,G2,G3,G4,G5,G6""",20260522_1950
2026-05-22 20:51:06,BOBUSDT,0,NONE,G1|G2,G4,7.2172,BULLISH,28.59,0,0.009494,4922568.43148365,0,,,bloqueado G4,20260522_2051
2026-05-22 20:51:06,FHEUSDT,0,NONE,G1|G2,G4,3.0164,NEUTRAL,0.75,0,0.027856,533830.86489306,0,,,bloqueado G4,20260522_2051
2026-05-22 20:51:06,OPGUSDT,0,NONE,G1|G2,G4,5.954,BEARISH,-11.97,0,0.2186,93060.1713924,0,,,bloqueado G4,20260522_2051
2026-05-22 20:51:07,NKNUSDT,0,NONE,G1|G2,G4,2.2879,BULLISH,8.78,0,0.007703,865129.16444865,0,,,bloqueado G4,20260522_2051
2026-05-22 20:51:07,VIRTUALUSDT,0,NONE,G1|G2,G4,2.3762,NEUTRAL,-5.45,0,0.7111,160613.6179868,0,,,bloqueado G4,20260522_2051
2026-05-22 20:51:07,INUSDT,0,NONE,G1|G2,G4,2.5806,BULLISH,29.4,0,0.078965,109368.85752639,0,,,bloqueado G4,20260522_2051
2026-05-22 20:51:08,AURASOLUSDT,0,NONE,G1|G2,G4,2.7304,BEARISH,-19.71,0,0.015721,2074317.5926909,0,,,bloqueado G4,20260522_2051
2026-05-22 20:51:08,COOKIEUSDT,0,NONE,G1|G2,G4,2.5383,BEARISH,-20.62,0,0.014574,839107.53012899,0,,,bloqueado G4,20260522_2051
2026-05-22 20:51:08,FETUSDT,0,NONE,G1|G2,G4,2.7015,NEUTRAL,1.39,0,0.196566,1672243.7429345,0,,,bloqueado G4,20260522_2051
2026-05-22 20:51:08,XYOUSDT,0,NONE,G1|G2,G4,3.8536,BULLISH,27.52,0,0.004759,3993063.01870798,0,,,bloqueado G4,20260522_2051
2026-05-22 20:51:09,AGTUSDT,0,NONE,G1|G2,G4,3.6974,BULLISH,16.19,0,0.012262,1672310.75533492,0,,,bloqueado G4,20260522_2051
2026-05-22 20:51:09,RIFUSDT,0,NONE,G1|G2,G4,2.7464,BEARISH,-31.86,0,0.049572,121064.58986998,0,,,bloqueado G4,20260522_2051
2026-05-22 20:51:09,ALCXUSDT,0,NONE,G1|G2,G4,2.9886,BEARISH,-12.6,0,4.4176,1108.26791678,0,,,bloqueado G4,20260522_2051
2026-05-22 20:51:10,DONKEYUSDT,0,NONE,G1|G2,G4,2.9897,BULLISH,40.58,0,0.00046142,36096606.152849346,0,,,bloqueado G4,20260522_2051
2026-05-22 20:51:10,PORUSDT,0,NONE,G1|G2,G4,2.3591,BEARISH,-15.12,0,0.4143,13160.21649257,0,,,bloqueado G4,20260522_2051
2026-05-22 20:51:10,QTCUSDT,0,NONE,G1|G2,G4,2.0231,BULLISH,22.09,0,0.5201,34285.9525159,0,,,bloqueado G4,20260522_2051
2026-05-22 20:51:11,GAMEUSDT,0,NONE,G1,G1B,2.6669,BEARISH,-14.42,0,0.006972,1068160.00211966,0,,,BLOQUEADO -- G1B: spike de distribuicao (chg=-14.42% com spike 2.6669x),20260522_2051
2026-05-22 20:51:11,SKYAIUSDT,0,NONE,G1,G1B,3.4027,BEARISH,-11.88,277426795,0.2791,207101.99936465,0,,,BLOQUEADO -- G1B: spike de distribuicao (chg=-11.88% com spike 3.4027x),20260522_2051
2026-05-22 20:51:11,FARMUSDT,78,DISCOVERY,G1|G2|G3|G4|G6,,2.6443,BULLISH,19.5,11822.22,8.0511,1408.00043181,9.81,0.5,2,"""DISCOVERY score=78 gates=G1,G2,G3,G4,G6""",20260522_2051
2026-05-22 21:51:46,MTLUSDT,0,NONE,G1|G2,G4,4.0736,BULLISH,11.84,0,0.326312,39984.75232623,0,,,bloqueado G4,20260522_2151
2026-05-22 22:52:08,MTLUSDT,0,NONE,G1|G2,G4,4.8737,BULLISH,9.79,0,0.320318,47838.31098831,0,,,bloqueado G4,20260522_2252
2026-05-22 23:00:02,MTLUSDT,0,NONE,G1|G2,G4,5.093,BULLISH,16.54,0,0.340028,49990.95095886,0,,,bloqueado G4,20260522_2300
2026-05-22 23:00:16,MTLUSDT,0,NONE,G1|G2,G4,5.093,BULLISH,16.54,0,0.340028,49990.95095886,0,,,bloqueado G4,20260522_2300
2026-05-23 00:00:28,MTLUSDT,0,NONE,G1|G2,G4,5.3575,BULLISH,9.2,0,0.318134,52586.33839774,0,,,bloqueado G4,20260523_0000
2026-05-23 01:00:52,STEEMUSDT,0,NONE,G1|G2,G4,2.0263,BULLISH,5.36,0,0.054556,81121.34357103,0,,,bloqueado G4,20260523_0100
2026-05-23 01:00:52,MTLUSDT,0,NONE,G1|G2,G4,5.5144,BULLISH,14.8,0,0.334938,54127.26047919,0,,,bloqueado G4,20260523_0100
2026-05-23 02:01:19,STEEMUSDT,0,NONE,G1|G2,G4,2.0605,NEUTRAL,4.39,0,0.054054,82491.34357103,0,,,bloqueado G4,20260523_0201
2026-05-23 02:01:19,MTLUSDT,0,NONE,G1|G2,G4,5.7741,BULLISH,12.14,0,0.327202,56676.09258586,0,,,bloqueado G4,20260523_0201
2026-05-23 03:00:50,MYXUSDT,0,NONE,G1|G2,G4,2.4488,BULLISH,20.8,0,0.201547,160335.4022668,0,,,bloqueado G4,20260523_0300
2026-05-23 03:00:50,STEEMUSDT,0,NONE,G1|G2,G4,2.1153,BULLISH,7.93,0,0.055727,84683.80945582,0,,,bloqueado G4,20260523_0300
2026-05-23 03:00:51,MTLUSDT,0,NONE,G1|G2,G4,6.3348,BULLISH,21.42,0,0.354263,62179.09103855,0,,,bloqueado G4,20260523_0300
2026-05-23 03:01:05,MYXUSDT,0,NONE,G1|G2,G4,2.453,BULLISH,21.65,0,0.202958,160606.93362709,0,,,bloqueado G4,20260523_0301
2026-05-23 03:01:05,STEEMUSDT,0,NONE,G1|G2,G4,2.1159,BULLISH,7.62,0,0.055727,84707.00945582,0,,,bloqueado G4,20260523_0301
2026-05-23 03:01:06,MTLUSDT,0,NONE,G1|G2,G4,6.3348,BULLISH,21.42,0,0.354263,62179.09103855,0,,,bloqueado G4,20260523_0301
2026-05-23 04:01:15,MYXUSDT,0,NONE,G1|G2,G4,2.7622,BULLISH,21.63,0,0.201513,180853.62928235,0,,,bloqueado G4,20260523_0401
2026-05-23 04:01:15,STEEMUSDT,0,NONE,G1|G2,G4,2.1615,BULLISH,5.47,0,0.054615,86533.36217131,0,,,bloqueado G4,20260523_0401
2026-05-23 04:01:16,MTLUSDT,0,NONE,G1|G2,G4,7.0202,BULLISH,24.06,0,0.361962,68906.88487631,0,,,bloqueado G4,20260523_0401
2026-05-23 05:01:50,MYXUSDT,0,NONE,G1|G2,G4,3.1683,BULLISH,12.59,0,0.186544,207442.81250303,0,,,bloqueado G4,20260523_0501
2026-05-23 05:01:50,STEEMUSDT,0,NONE,G1|G2,G4,2.2064,NEUTRAL,1.21,0,0.05241,88332.32761874,0,,,bloqueado G4,20260523_0501
2026-05-23 05:01:50,POLSUSDT,0,NONE,G1|G2,G4,2.0623,NEUTRAL,-0.36,0,0.092056,114474.88993554,0,,,bloqueado G4,20260523_0501
2026-05-23 05:01:51,MTLUSDT,0,NONE,G1|G2,G4,7.4824,BULLISH,14.68,0,0.334584,73443.53857669,0,,,bloqueado G4,20260523_0501
2026-05-23 05:01:51,AIXBTUSDT,0,NONE,G1,G3,3.2503,NEUTRAL,-5.54,27464255,0.027683,544735.21600485,0,,,BLOQUEADO -- G3: mcap acima do limite,20260523_0501
2026-05-23 06:02:25,MYXUSDT,0,NONE,G1|G2,G4,3.9826,BULLISH,19.94,0,0.198706,260758.76321564,0,,,bloqueado G4,20260523_0602
2026-05-23 06:02:25,STEEMUSDT,0,NONE,G1|G2,G4,2.2571,NEUTRAL,2.45,0,0.05305,90362.06584991,0,,,bloqueado G4,20260523_0602
2026-05-23 06:02:25,POLSUSDT,0,NONE,G1|G2,G4,2.2292,NEUTRAL,-0.11,0,0.092289,123735.69164838,0,,,bloqueado G4,20260523_0602
2026-05-23 06:02:26,MTLUSDT,0,NONE,G1|G2,G4,7.6907,BULLISH,10.29,0,0.321792,75488.49643843,0,,,bloqueado G4,20260523_0602
2026-05-23 06:02:26,AIXBTUSDT,0,NONE,G1,G3,3.2711,NEUTRAL,-5.33,27637991,0.027744,548234.71600485,0,,,BLOQUEADO -- G3: mcap acima do limite,20260523_0602
2026-05-23 07:02:59,MYXUSDT,0,NONE,G1|G2,G4,4.139,BULLISH,18.28,0,0.196046,271000.49941481,0,,,bloqueado G4,20260523_0702
2026-05-23 07:02:59,STEEMUSDT,0,NONE,G1|G2,G4,2.3023,NEUTRAL,2.29,0,0.052968,92168.45846326,0,,,bloqueado G4,20260523_0702
2026-05-23 07:02:59,POLSUSDT,0,NONE,G1|G2,G4,2.5063,NEUTRAL,0.36,0,0.092721,139117.03266235,0,,,bloqueado G4,20260523_0702
2026-05-23 07:03:00,MTLUSDT,0,NONE,G1|G2,G4,7.7395,BULLISH,11.45,0,0.325173,75967.00717869,0,,,bloqueado G4,20260523_0702
2026-05-23 07:03:00,AIXBTUSDT,0,NONE,G1,G3,3.294,NEUTRAL,-5.33,27640990,0.027744,552060.39961199,0,,,BLOQUEADO -- G3: mcap acima do limite,20260523_0702
2026-05-23 08:03:32,MYXUSDT,0,NONE,G1|G2,G4,4.2986,BULLISH,21.63,0,0.201521,281449.89933231,0,,,bloqueado G4,20260523_0803
2026-05-23 08:03:33,STEEMUSDT,0,NONE,G1|G2,G4,2.3374,NEUTRAL,2.49,0,0.053069,93573.65846326,0,,,bloqueado G4,20260523_0803
2026-05-23 08:03:33,POLSUSDT,0,NONE,G1|G2,G4,2.668,BULLISH,7.31,0,0.099146,148092.35007852,0,,,bloqueado G4,20260523_0803
2026-05-23 08:03:33,MTLUSDT,0,NONE,G1|G2,G4,7.8143,BULLISH,12.57,0,0.328437,76701.27160647,0,,,bloqueado G4,20260523_0803
2026-05-23 08:03:33,MONUSDT,0,NONE,G1|G2,G4,2.7019,NEUTRAL,-7.69,0,0.024389,663434.36283951,0,,,bloqueado G4,20260523_0803
2026-05-23 08:03:34,AIXBTUSDT,0,NONE,G1,G3,3.3436,NEUTRAL,-3.96,27839010,0.028146,560376.79130047,0,,,BLOQUEADO -- G3: mcap acima do limite,20260523_0803
2026-05-23 09:04:12,MYXUSDT,0,NONE,G1|G2,G4,4.4351,BULLISH,21.04,0,0.199896,290384.89750657,0,,,bloqueado G4,20260523_0904
2026-05-23 09:04:13,STEEMUSDT,0,NONE,G1|G2,G4,2.3718,NEUTRAL,2.57,0,0.0531,94952.25846326,0,,,bloqueado G4,20260523_0904
2026-05-23 09:04:13,POLSUSDT,0,NONE,G1|G2,G4,3.0292,BULLISH,6.54,0,0.098584,168144.42082348,0,,,bloqueado G4,20260523_0904
2026-05-23 09:04:13,MTLUSDT,0,NONE,G1|G2,G4,7.8776,BULLISH,10.57,0,0.322618,77323.47224653,0,,,bloqueado G4,20260523_0904
2026-05-23 09:04:14,AIXBTUSDT,0,NONE,G1,G3,3.3645,NEUTRAL,-4.5,27806907,0.027989,563874.79130047,0,,,BLOQUEADO -- G3: mcap acima do limite,20260523_0904
2026-05-23 09:04:14,MONUSDT,50,DISCOVERY,G1|G3|G4,G6,2.7404,NEUTRAL,-7.67,0,0.024395,672899.62471143,13.79,0.5,2,score 50 abaixo do threshold 70,20260523_0904
2026-05-23 10:04:46,MYXUSDT,0,NONE,G1|G2,G4,4.603,BULLISH,21.17,0,0.201387,301381.80339966,0,,,bloqueado G4,20260523_1004
2026-05-23 10:04:46,STEEMUSDT,0,NONE,G1|G2,G4,2.4067,NEUTRAL,3.53,0,0.053612,96348.45846326,0,,,bloqueado G4,20260523_1004
2026-05-23 10:04:47,COSUSDT,0,NONE,G1|G2,G4,2.4368,BULLISH,30.33,0,0.0014385000000000001,5021324.70079953,0,,,bloqueado G4,20260523_1004
2026-05-23 10:04:47,INUSDT,0,NONE,G1|G2,G4,2.6173,BULLISH,14.55,0,0.090353,170651.64022025,0,,,bloqueado G4,20260523_1004
2026-05-23 10:04:47,POLSUSDT,0,NONE,G1|G2,G4,3.397,BULLISH,19.03,0,0.109979,188558.5437942,0,,,bloqueado G4,20260523_1004
2026-05-23 10:04:48,MTLUSDT,0,NONE,G1|G2,G4,8.3887,BULLISH,10.33,0,0.321911,82339.51768172,0,,,bloqueado G4,20260523_1004
2026-05-23 10:04:48,DEGOUSDT,0,NONE,G1|G2,G4,2.0395,BEARISH,-11.9,0,0.010228,447529.06921222,0,,,bloqueado G4,20260523_1004
2026-05-23 10:04:48,AIXBTUSDT,0,NONE,G1,G3,3.3908,NEUTRAL,-3.7,28056530,0.028223,568294.19045438,0,,,BLOQUEADO -- G3: mcap acima do limite,20260523_1004
2026-05-23 10:04:48,MONUSDT,50,DISCOVERY,G1|G3|G4,G6,2.7663,NEUTRAL,-7.41,0,0.024485,679266.46229742,13.79,0.5,2,score 50 abaixo do threshold 70,20260523_1004
2026-05-23 11:05:17,MYXUSDT,0,NONE,G1|G2,G4,4.7237,BULLISH,21.29,0,0.200959,309282.97272971,0,,,bloqueado G4,20260523_1105
2026-05-23 11:05:17,STEEMUSDT,0,NONE,G1|G2,G4,2.4539,NEUTRAL,4.41,0,0.054064,98238.20057054,0,,,bloqueado G4,20260523_1105
2026-05-23 11:05:17,COSUSDT,0,NONE,G1|G2,G4,2.4963,BULLISH,27.77,0,0.00140911,5144000.91911426,0,,,bloqueado G4,20260523_1105
2026-05-23 11:05:18,INUSDT,0,NONE,G1|G2,G4,2.7967,BULLISH,17.44,0,0.092391,182346.73673651,0,,,bloqueado G4,20260523_1105
2026-05-23 11:05:18,POLSUSDT,0,NONE,G1|G2,G4,3.8047,BULLISH,15.42,0,0.106636,211191.36707552,0,,,bloqueado G4,20260523_1105
2026-05-23 11:05:18,MTLUSDT,0,NONE,G1|G2,G4,8.4735,BULLISH,9.22,0,0.318663,83171.92652698,0,,,bloqueado G4,20260523_1105
2026-05-23 11:05:18,GMTUSDT,0,NONE,G1|G2,G4,2.4818,BULLISH,32.41,0,0.013546,2788529.98995895,0,,,bloqueado G4,20260523_1105
2026-05-23 11:05:19,DEGOUSDT,0,NONE,G1|G2,G4,2.1994,BEARISH,-13.65,0,0.010025,482607.71088796,0,,,bloqueado G4,20260523_1105
2026-05-23 11:05:19,MONUSDT,50,DISCOVERY,G1|G3|G4,G6,2.7986,NEUTRAL,-5.99,0,0.024839,687184.58908508,13.79,0.5,2,score 50 abaixo do threshold 70,20260523_1105
2026-05-23 12:05:43,MYXUSDT,0,NONE,G1|G2,G4,5.4411,BULLISH,26.85,0,0.210163,356252.58364562,0,,,bloqueado G4,20260523_1205
2026-05-23 12:05:43,STEEMUSDT,0,NONE,G1|G2,G4,2.4941,NEUTRAL,4.08,0,0.053894,99847.70408821,0,,,bloqueado G4,20260523_1205
2026-05-23 12:05:43,COSUSDT,0,NONE,G1|G2,G4,2.5959,BULLISH,21.28,0,0.00133756,5349163.89694011,0,,,bloqueado G4,20260523_1205
2026-05-23 12:05:43,INUSDT,0,NONE,G1|G2,G4,2.92,BULLISH,16.29,0,0.091488,190386.97187893,0,,,bloqueado G4,20260523_1205
2026-05-23 12:05:44,POLSUSDT,0,NONE,G1|G2,G4,4.1471,BULLISH,6.72,0,0.0986,230194.03438955,0,,,bloqueado G4,20260523_1205
2026-05-23 12:05:44,MTLUSDT,0,NONE,G1|G2,G4,8.5377,BULLISH,9.77,0,0.320286,83801.89631699,0,,,bloqueado G4,20260523_1205
2026-05-23 12:05:44,GMTUSDT,0,NONE,G1|G2,G4,3.3367,BULLISH,31.14,0,0.013431,3749050.95860298,0,,,bloqueado G4,20260523_1205
2026-05-23 12:05:45,DEGOUSDT,0,NONE,G1|G2,G4,2.662,BEARISH,-12.77,0,0.010127,584131.22869895,0,,,bloqueado G4,20260523_1205
2026-05-23 12:05:45,MEUSDT,0,NONE,G1|G2,G4,2.1299,BULLISH,8.86,0,0.09968,102016.70727407,0,,,bloqueado G4,20260523_1205
2026-05-23 13:06:07,MYXUSDT,0,NONE,G1|G2,G4,5.9883,BULLISH,22.48,0,0.202916,392080.16725796,0,,,bloqueado G4,20260523_1306
2026-05-23 13:06:08,STEEMUSDT,0,NONE,G1|G2,G4,2.53,NEUTRAL,4.21,0,0.053964,101286.70123743,0,,,bloqueado G4,20260523_1306
2026-05-23 13:06:08,COSUSDT,0,NONE,G1|G2,G4,2.6605,BULLISH,19.95,0,0.00132,5482434.74749948,0,,,bloqueado G4,20260523_1306
2026-05-23 13:06:08,INUSDT,0,NONE,G1|G2,G4,2.9887,BULLISH,12.4,0,0.088299,194867.63258464,0,,,bloqueado G4,20260523_1306
2026-05-23 13:06:08,POLSUSDT,0,NONE,G1|G2,G4,4.3826,BULLISH,9.82,0,0.101533,243267.18992446,0,,,bloqueado G4,20260523_1306
2026-05-23 13:06:09,MTLUSDT,0,NONE,G1|G2,G4,8.6022,BULLISH,7.66,0,0.31411,84435.49762726,0,,,bloqueado G4,20260523_1306
2026-05-23 13:06:09,GMTUSDT,0,NONE,G1|G2,G4,3.871,BULLISH,24.59,0,0.012699,4349373.92023776,0,,,bloqueado G4,20260523_1306
2026-05-23 13:06:09,PORUSDT,0,NONE,G1|G2,G4,2.0139,BEARISH,-13,0,0.3626,17434.1350137,0,,,bloqueado G4,20260523_1306
2026-05-23 13:06:10,DEGOUSDT,0,NONE,G1|G2,G4,2.7732,BEARISH,-11.9,0,0.010228,608516.65964937,0,,,bloqueado G4,20260523_1306
2026-05-23 13:06:10,MEUSDT,0,NONE,G1|G2,G4,2.2061,BULLISH,8.65,0,0.099489,105665.77946,0,,,bloqueado G4,20260523_1306
2026-05-23 14:05:47,MYXUSDT,0,NONE,G1|G2,G4,6.145,BULLISH,20.51,0,0.199666,402344.01211897,0,,,bloqueado G4,20260523_1405
2026-05-23 14:05:47,RFCUSDT,0,NONE,G1|G2,G4,2.5334,BULLISH,19.4,0,0.00084251,9996445.95571257,0,,,bloqueado G4,20260523_1405
2026-05-23 14:05:47,STEEMUSDT,0,NONE,G1|G2,G4,2.5744,NEUTRAL,4.48,0,0.05409,103063.39691744,0,,,bloqueado G4,20260523_1405
2026-05-23 14:05:48,COSUSDT,0,NONE,G1|G2,G4,2.7225,BULLISH,18.13,0,0.0013028,5610167.41534791,0,,,bloqueado G4,20260523_1405
2026-05-23 14:05:48,INUSDT,0,NONE,G1|G2,G4,3.1201,BULLISH,12.8,0,0.088737,203433.23237992,0,,,bloqueado G4,20260523_1405
2026-05-23 14:05:48,POLSUSDT,0,NONE,G1|G2,G4,4.5222,BULLISH,10.59,0,0.102174,251016.68066378,0,,,bloqueado G4,20260523_1405
2026-05-23 14:05:49,MTLUSDT,0,NONE,G1|G2,G4,8.6619,BULLISH,6.61,0,0.311046,85021.43293241,0,,,bloqueado G4,20260523_1405
2026-05-23 14:05:49,GMTUSDT,0,NONE,G1|G2,G4,4.4023,BULLISH,24.67,0,0.012708,4946408.35812019,0,,,bloqueado G4,20260523_1405
2026-05-23 14:05:49,PORUSDT,0,NONE,G1|G2,G4,2.1618,NEUTRAL,-9.76,0,0.3761,18714.53352011,0,,,bloqueado G4,20260523_1405
2026-05-23 14:05:50,DEGOUSDT,0,NONE,G1|G2,G4,2.8404,BEARISH,-10.96,0,0.010338,623278.81360182,0,,,bloqueado G4,20260523_1405
2026-05-23 14:05:50,MEUSDT,0,NONE,G1|G2,G4,2.4601,BULLISH,27.31,0,0.116571,117832.96679573,0,,,bloqueado G4,20260523_1405
2026-05-23 14:06:32,MYXUSDT,0,NONE,G1|G2,G4,6.1454,BULLISH,20.53,0,0.199685,402366.51087728,0,,,bloqueado G4,20260523_1406
2026-05-23 14:06:32,RFCUSDT,0,NONE,G1|G2,G4,2.534,BULLISH,20.62,0,0.00085111,9998825.95571257,0,,,bloqueado G4,20260523_1406
2026-05-23 14:06:33,STEEMUSDT,0,NONE,G1|G2,G4,2.5755,NEUTRAL,4.46,0,0.05409,103108.15019966,0,,,bloqueado G4,20260523_1406
2026-05-23 14:06:33,COSUSDT,0,NONE,G1|G2,G4,2.7236,BULLISH,19.01,0,0.00131253,5612346.84356493,0,,,bloqueado G4,20260523_1406
2026-05-23 14:06:33,INUSDT,0,NONE,G1|G2,G4,3.1201,BULLISH,12.8,0,0.088737,203433.23237992,0,,,bloqueado G4,20260523_1406
2026-05-23 14:06:34,POLSUSDT,0,NONE,G1|G2,G4,4.5224,BULLISH,10.7,0,0.102275,251027.78066378,0,,,bloqueado G4,20260523_1406
2026-05-23 14:06:34,MTLUSDT,0,NONE,G1|G2,G4,8.6625,BULLISH,6.61,0,0.311046,85026.93293241,0,,,bloqueado G4,20260523_1406
2026-05-23 14:06:34,GMTUSDT,0,NONE,G1|G2,G4,4.4027,BULLISH,24.7,0,0.012755,4946861.35812019,0,,,bloqueado G4,20260523_1406
2026-05-23 14:06:34,PORUSDT,0,NONE,G1|G2,G4,2.1638,NEUTRAL,-9.76,0,0.3761,18731.74990421,0,,,bloqueado G4,20260523_1406
2026-05-23 14:06:35,DEGOUSDT,0,NONE,G1|G2,G4,2.8419,BEARISH,-11.09,0,0.010323,623600.28809205,0,,,bloqueado G4,20260523_1406
2026-05-23 14:06:35,MEUSDT,0,NONE,G1|G2,G4,2.4601,BULLISH,27.31,0,0.116571,117832.96679573,0,,,bloqueado G4,20260523_1406
2026-05-23 15:06:57,MYXUSDT,0,NONE,G1|G2,G4,6.3358,BULLISH,23.36,0,0.203813,414838.09368983,0,,,bloqueado G4,20260523_1506
2026-05-23 15:06:57,RFCUSDT,0,NONE,G1|G2,G4,2.78,BULLISH,8.45,0,0.00076521,10969239.843147321,0,,,bloqueado G4,20260523_1506
2026-05-23 15:06:57,ARGUSDT,0,NONE,G1|G2,G4,2.0332,BEARISH,-15.97,0,0.4082,12743.79029327,0,,,bloqueado G4,20260523_1506
2026-05-23 15:06:58,STEEMUSDT,0,NONE,G1|G2,G4,2.6234,NEUTRAL,4.17,0,0.053928,105024.0732746,0,,,bloqueado G4,20260523_1506
2026-05-23 15:06:58,COSUSDT,0,NONE,G1|G2,G4,2.7802,BULLISH,16.39,0,0.00128356,5729007.77311457,0,,,bloqueado G4,20260523_1506
2026-05-23 15:06:58,INUSDT,0,NONE,G1|G2,G4,3.2323,BULLISH,13.25,0,0.089083,210751.92648723,0,,,bloqueado G4,20260523_1506
2026-05-23 15:06:59,POLSUSDT,0,NONE,G1|G2,G4,5.201,BULLISH,13.89,0,0.105219,288694.05770768,0,,,bloqueado G4,20260523_1506
2026-05-23 15:06:59,MTLUSDT,0,NONE,G1|G2,G4,8.7155,BULLISH,6.73,0,0.311406,85547.63643515,0,,,bloqueado G4,20260523_1506
2026-05-23 15:07:00,GMTUSDT,0,NONE,G1|G2,G4,4.5877,BULLISH,29.78,0,0.01323,5154686.43779843,0,,,bloqueado G4,20260523_1506
2026-05-23 15:07:00,PORUSDT,0,NONE,G1|G2,G4,2.2246,BEARISH,-10.99,0,0.371,19257.84267313,0,,,bloqueado G4,20260523_1506
2026-05-23 15:07:01,DEGOUSDT,0,NONE,G1|G2,G4,2.9038,NEUTRAL,-7.57,0,0.010731,637186.71662252,0,,,bloqueado G4,20260523_1506
2026-05-23 15:07:01,SAROSUSDT,0,NONE,G1|G2,G4,2.3134,BULLISH,35.65,0,0.00063916,10419321.79284678,0,,,bloqueado G4,20260523_1506
2026-05-23 15:07:01,MEUSDT,0,NONE,G1|G2,G4,2.5272,BULLISH,20.51,0,0.11035,121046.8482954,0,,,bloqueado G4,20260523_1506
2026-05-23 16:07:22,MYXUSDT,0,NONE,G1|G2,G4,6.4436,BULLISH,25.47,0,0.207872,421891.77430203,0,,,bloqueado G4,20260523_1607
2026-05-23 16:07:23,RFCUSDT,0,NONE,G1|G2,G4,2.8721,BULLISH,11.45,0,0.00078643,11332682.18023758,0,,,bloqueado G4,20260523_1607
2026-05-23 16:07:23,ARGUSDT,0,NONE,G1|G2,G4,2.1146,BEARISH,-15.36,0,0.4116,13253.87285287,0,,,bloqueado G4,20260523_1607
2026-05-23 16:07:23,RUJIUSDT,0,NONE,G1|G2,G4,2.047,NEUTRAL,-8.37,0,0.268778,18218.39966887,0,,,bloqueado G4,20260523_1607
2026-05-23 16:07:23,STEEMUSDT,0,NONE,G1|G2,G4,2.669,NEUTRAL,4.52,0,0.054124,106849.82018631,0,,,bloqueado G4,20260523_1607
2026-05-23 16:07:24,COSUSDT,0,NONE,G1|G2,G4,2.8316,BULLISH,17.15,0,0.00129201,5834880.12075705,0,,,bloqueado G4,20260523_1607
2026-05-23 16:07:24,INUSDT,0,NONE,G1|G2,G4,3.983,BULLISH,14.57,0,0.090133,259697.55766157,0,,,bloqueado G4,20260523_1607
2026-05-23 16:07:24,POLSUSDT,0,NONE,G1|G2,G4,5.5148,BULLISH,26.04,0,0.116447,306109.38419873,0,,,bloqueado G4,20260523_1607
2026-05-23 16:07:25,MTLUSDT,0,NONE,G1|G2,G4,8.7704,BULLISH,7.06,0,0.312356,86086.00334175,0,,,bloqueado G4,20260523_1607
2026-05-23 16:07:25,GMTUSDT,0,NONE,G1|G2,G4,4.671,BULLISH,32.09,0,0.013494,5248266.71207541,0,,,bloqueado G4,20260523_1607
2026-05-23 16:07:25,PORUSDT,0,NONE,G1|G2,G4,2.3061,BEARISH,-10.68,0,0.3723,19963.97846229,0,,,bloqueado G4,20260523_1607
2026-05-23 16:07:25,DEGOUSDT,0,NONE,G1|G2,G4,3.0556,NEUTRAL,-3.36,0,0.01122,670488.24294054,0,,,bloqueado G4,20260523_1607
2026-05-23 16:07:26,SAROSUSDT,0,NONE,G1|G2,G4,2.8025,BULLISH,20.65,0,0.00056852,12621852.98377059,0,,,bloqueado G4,20260523_1607
2026-05-23 16:07:26,MEUSDT,0,NONE,G1|G2,G4,2.7516,BULLISH,18.22,0,0.108245,131794.3377326,0,,,bloqueado G4,20260523_1607
2026-05-23 17:07:46,MYXUSDT,0,NONE,G1|G2,G4,6.4854,BULLISH,23.35,0,0.204372,424632.98693012,0,,,bloqueado G4,20260523_1707
2026-05-23 17:07:46,RFCUSDT,0,NONE,G1|G2,G4,2.9143,BULLISH,10.2,0,0.00077757,11499328.5442074,0,,,bloqueado G4,20260523_1707
2026-05-23 17:07:47,ARGUSDT,0,NONE,G1|G2,G4,2.2765,BEARISH,-13.05,0,0.4224,14268.76914495,0,,,bloqueado G4,20260523_1707
2026-05-23 17:07:47,RUJIUSDT,0,NONE,G1|G2,G4,2.0854,NEUTRAL,-8.37,0,0.268778,18560.54966887,0,,,bloqueado G4,20260523_1707
2026-05-23 17:07:47,STEEMUSDT,0,NONE,G1|G2,G4,2.7111,NEUTRAL,4.54,0,0.054134,108537.02328604,0,,,bloqueado G4,20260523_1707
2026-05-23 17:07:48,COSUSDT,0,NONE,G1|G2,G4,2.9741,BULLISH,19,0,0.00131233,6128575.27525326,0,,,bloqueado G4,20260523_1707
2026-05-23 17:07:48,INUSDT,0,NONE,G1|G2,G4,4.0291,BULLISH,14.1,0,0.089762,262703.72160115,0,,,bloqueado G4,20260523_1707
2026-05-23 17:07:48,POLSUSDT,0,NONE,G1|G2,G4,5.6477,BULLISH,18.31,0,0.108169,313487.60139795,0,,,bloqueado G4,20260523_1707
2026-05-23 17:07:49,MTLUSDT,0,NONE,G1|G2,G4,8.8116,BULLISH,6.89,0,0.311858,86490.78023715,0,,,bloqueado G4,20260523_1707
2026-05-23 17:07:49,GMTUSDT,0,NONE,G1|G2,G4,4.885,BULLISH,30.45,0,0.013297,5488760.7435083,0,,,bloqueado G4,20260523_1707
2026-05-23 17:07:49,RIFUSDT,0,NONE,G1|G2,G4,2.022,NEUTRAL,-4.3,0,0.046757,142812.59328222,0,,,bloqueado G4,20260523_1707
2026-05-23 17:07:50,PORUSDT,0,NONE,G1|G2,G4,2.4035,NEUTRAL,-9.4,0,0.3776,20806.54843357,0,,,bloqueado G4,20260523_1707
2026-05-23 17:07:50,DEGOUSDT,0,NONE,G1|G2,G4,3.1153,BULLISH,10.63,0,0.012858,683596.31827857,0,,,bloqueado G4,20260523_1707
2026-05-23 17:07:50,SAROSUSDT,0,NONE,G1|G2,G4,2.9134,BULLISH,20.93,0,0.00056983,13121467.377938971,0,,,bloqueado G4,20260523_1707
2026-05-23 17:07:50,MEUSDT,0,NONE,G1|G2,G4,2.7795,BULLISH,15.88,0,0.106107,133128.75745607,0,,,bloqueado G4,20260523_1707
2026-05-23 19:51:05,MYXUSDT,0,NONE,G1|G2,G4,6.6363,BULLISH,24.89,0,0.206999,434512.56448891,0,,,bloqueado G4,20260523_1951
2026-05-23 19:51:05,RFCUSDT,0,NONE,G1|G2,G4,3.0615,BULLISH,6.56,0,0.00075178,12079935.096853079,0,,,bloqueado G4,20260523_1951
2026-05-23 19:51:06,ARGUSDT,0,NONE,G1|G2,G4,2.4758,BEARISH,-12.27,0,0.4262,15517.54136887,0,,,bloqueado G4,20260523_1951
2026-05-23 19:51:06,RUJIUSDT,0,NONE,G1|G2,G4,2.2428,NEUTRAL,-7.79,0,0.270469,19961.02996,0,,,bloqueado G4,20260523_1951
2026-05-23 19:51:06,STEEMUSDT,0,NONE,G1|G2,G4,2.8045,BULLISH,5.6,0,0.054682,112273.42328604,0,,,bloqueado G4,20260523_1951
2026-05-23 19:51:07,COSUSDT,0,NONE,G1|G2,G4,3.0863,BULLISH,16.07,0,0.00128,6359852.01901495,0,,,bloqueado G4,20260523_1951
2026-05-23 19:51:07,INUSDT,0,NONE,G1|G2,G4,4.1402,BULLISH,13.93,0,0.089625,269947.33840607,0,,,bloqueado G4,20260523_1951
2026-05-23 19:51:08,POLSUSDT,0,NONE,G1|G2,G4,5.9098,BULLISH,20.88,0,0.111676,328038.18970817,0,,,bloqueado G4,20260523_1951
2026-05-23 19:51:08,MTLUSDT,0,NONE,G1|G2,G4,8.9495,BULLISH,7.89,0,0.314797,87844.62241752,0,,,bloqueado G4,20260523_1951
2026-05-23 19:51:09,GMTUSDT,0,NONE,G1|G2,G4,5.0868,BULLISH,29.62,0,0.013227,5715485.01852957,0,,,bloqueado G4,20260523_1951
2026-05-23 19:51:10,PORUSDT,0,NONE,G1|G2,G4,2.6207,NEUTRAL,-6.77,0,0.3886,22687.60196978,0,,,bloqueado G4,20260523_1951
2026-05-23 19:51:10,DEGOUSDT,0,NONE,G1|G2,G4,3.3677,NEUTRAL,3.59,0,0.012027,738971.2272544,0,,,bloqueado G4,20260523_1951
2026-05-23 19:51:11,SAROSUSDT,0,NONE,G1|G2,G4,3.1066,BULLISH,16.98,0,0.00055123,13991576.293682979,0,,,bloqueado G4,20260523_1951
2026-05-23 19:51:11,MEUSDT,0,NONE,G1|G2,G4,3.0175,BULLISH,15.42,0,0.105683,144529.33097721,0,,,bloqueado G4,20260523_1951
2026-05-23 19:52:44,MYXUSDT,0,NONE,G1|G2,G4,6.6368,BULLISH,25.03,0,0.207143,434545.93801906,0,,,bloqueado G4,20260523_1952
2026-05-23 19:52:44,RFCUSDT,0,NONE,G1|G2,G4,3.0626,BULLISH,6.53,0,0.00075167,12084292.397344461,0,,,bloqueado G4,20260523_1952
2026-05-23 19:52:45,ARGUSDT,0,NONE,G1|G2,G4,2.4767,BEARISH,-12.27,0,0.4284,15523.39136887,0,,,bloqueado G4,20260523_1952
2026-05-23 19:52:45,RUJIUSDT,0,NONE,G1|G2,G4,2.2434,NEUTRAL,-7.79,0,0.270469,19966.82996,0,,,bloqueado G4,20260523_1952
2026-05-23 19:52:46,STEEMUSDT,0,NONE,G1|G2,G4,2.805,BULLISH,5.6,0,0.054682,112295.42328604,0,,,bloqueado G4,20260523_1952
2026-05-23 19:52:46,COSUSDT,0,NONE,G1|G2,G4,3.0869,BULLISH,16.07,0,0.00128,6361042.01901495,0,,,bloqueado G4,20260523_1952
2026-05-23 19:52:47,INUSDT,0,NONE,G1|G2,G4,4.1406,BULLISH,13.27,0,0.089111,269970.93840607,0,,,bloqueado G4,20260523_1952
2026-05-23 19:52:47,POLSUSDT,0,NONE,G1|G2,G4,5.91,BULLISH,20.71,0,0.111726,328049.98970817,0,,,bloqueado G4,20260523_1952
2026-05-23 19:52:48,MTLUSDT,0,NONE,G1|G2,G4,8.9507,BULLISH,7.89,0,0.314797,87856.42241752,0,,,bloqueado G4,20260523_1952
2026-05-23 19:52:49,GMTUSDT,0,NONE,G1|G2,G4,5.0878,BULLISH,29.81,0,0.013237,5716629.01852957,0,,,bloqueado G4,20260523_1952
2026-05-23 19:52:49,PORUSDT,0,NONE,G1|G2,G4,2.622,NEUTRAL,-7.1,0,0.3872,22698.52557464,0,,,bloqueado G4,20260523_1952
2026-05-23 19:52:50,DEGOUSDT,0,NONE,G1|G2,G4,3.3687,NEUTRAL,3.59,0,0.012027,739199.2272544,0,,,bloqueado G4,20260523_1952
2026-05-23 19:52:50,SAROSUSDT,0,NONE,G1|G2,G4,3.1071,BULLISH,16.97,0,0.00055101,13993728.84076291,0,,,bloqueado G4,20260523_1952
2026-05-23 19:52:51,MEUSDT,0,NONE,G1|G2,G4,3.0177,BULLISH,15.41,0,0.105658,144539.84053103,0,,,bloqueado G4,20260523_1952
2026-05-23 20:51:46,MYXUSDT,0,NONE,G1|G2,G4,7.0429,BULLISH,26.49,0,0.209559,461130.56614316,0,,,bloqueado G4,20260523_2051
2026-05-23 20:51:46,RFCUSDT,0,NONE,G1|G2,G4,3.1194,BULLISH,7.24,0,0.00075673,12308567.10635348,0,,,bloqueado G4,20260523_2051
2026-05-23 20:51:47,ARGUSDT,0,NONE,G1|G2,G4,2.5355,BEARISH,-13.48,0,0.4203,15891.94966469,0,,,bloqueado G4,20260523_2051
2026-05-23 20:51:47,RUJIUSDT,0,NONE,G1|G2,G4,2.2821,NEUTRAL,-7.79,0,0.270469,20311.07996,0,,,bloqueado G4,20260523_2051
2026-05-23 20:51:47,STEEMUSDT,0,NONE,G1|G2,G4,2.8395,BULLISH,5.76,0,0.054766,113675.62328604,0,,,bloqueado G4,20260523_2051
2026-05-23 20:51:48,COSUSDT,0,NONE,G1|G2,G4,3.1434,BULLISH,15.07,0,0.001269,6477389.89139572,0,,,bloqueado G4,20260523_2051
2026-05-23 20:51:48,INUSDT,0,NONE,G1|G2,G4,4.2014,BULLISH,12.99,0,0.088893,273935.35980431,0,,,bloqueado G4,20260523_2051
2026-05-23 20:51:48,POLSUSDT,0,NONE,G1|G2,G4,6.0765,BULLISH,17.88,0,0.108908,337289.95631004,0,,,bloqueado G4,20260523_2051
2026-05-23 20:51:48,MTLUSDT,0,NONE,G1|G2,G4,8.9851,BULLISH,7.89,0,0.314796,88193.37241752,0,,,bloqueado G4,20260523_2051
2026-05-23 20:51:49,GMTUSDT,0,NONE,G1|G2,G4,5.1298,BULLISH,25.46,0,0.012778,5763758.17855276,0,,,bloqueado G4,20260523_2051
2026-05-23 20:51:49,PORUSDT,0,NONE,G1|G2,G4,2.661,NEUTRAL,-7.37,0,0.3861,23035.92557464,0,,,bloqueado G4,20260523_2051
2026-05-23 20:51:49,DEGOUSDT,0,NONE,G1|G2,G4,3.5581,NEUTRAL,-6.63,0,0.01084,780752.88934853,0,,,bloqueado G4,20260523_2051
2026-05-23 20:51:50,SAROSUSDT,0,NONE,G1|G2,G4,3.1458,BULLISH,18.72,0,0.00055941,14168346.77873081,0,,,bloqueado G4,20260523_2051
2026-05-23 20:51:50,MEUSDT,0,NONE,G1|G2,G4,3.1895,BULLISH,14.27,0,0.104633,152765.75551534,0,,,bloqueado G4,20260523_2051
2026-05-23 20:51:50,DEGENAIUSDT,95,DISCOVERY,G1|G2|G3|G4|G5|G6,,2.1306,BULLISH,12.72,0,0.0002953,26767338.871509679,10.78,0.5,2,"""DISCOVERY score=95 gates=G1,G2,G3,G4,G5,G6""",20260523_2051
